Item Name,Bazaar Buy Price,Bazaar Sell Price,NPC Cost,Crafting Cost
INK_SACK:3,4.2,1.9,0,0
CORRUPTED_BAIT,5.4,0.8,0,0
INK_SACK:4,4.5,3.9,0,0
ENCHANTMENT_ULTIMATE_NO_PAIN_NO_GAIN_2,0.8,0,0,0
TARANTULA_WEB,512.3,504.7,0,0
ENCHANTMENT_ULTIMATE_NO_PAIN_NO_GAIN_1,39.7,0,0,0
DUNGEON_TRAP,0.1,0,0,0
DARK_ORB,218118.9,163314,0,0
ARCHITECT_FIRST_DRAFT,68658.2,45289,0,0
ENCHANTMENT_PROTECTION_7,46884155.9,41555111,0,0
ENCHANTMENT_PROTECTION_6,4099999.4,3829998.8,0,0
ESSENCE_DRAGON,3054.1,2944.7,0,0
RITUAL_RESIDUE,1991370.6,1821721.3,0,0
ENCHANTMENT_PROTECTION_1,0,0,0,0
GIANT_FRAGMENT_LASER,713336.2,660198.6,0,0
ENCHANTMENT_PROTECTION_5,0,0,0,0
ENCHANTED_MELON,319.6,307.1,0,0
ENCHANTMENT_PROTECTION_4,0,0,0,0
ENCHANTMENT_PROTECTION_3,0,0,0,0
ENCHANTMENT_PROTECTION_2,0,0,0,0
ENCHANTMENT_TURBO_COCO_1,26661.7,11919.4,0,0
ENCHANTMENT_TURBO_COCO_5,796990.9,452649.3,0,0
ENCHANTMENT_TURBO_COCO_4,618998.1,89851.6,0,0
ENCHANTMENT_TURBO_COCO_3,264384.6,45600.5,0,0
ENCHANTED_BLAZE_ROD,600430.2,579407.9,0,0
ENCHANTMENT_TURBO_COCO_2,76606.9,13926.2,0,0
ENCHANTED_BROWN_MUSHROOM,1598.3,1534.4,0,0
FRESHLY_MINTED_COINS,5602834.9,5077901,0,0
GOBLIN_EGG_YELLOW,5468.4,4508.3,0,0
PARTY_GIFT,474549.8,430000.4,0,0
ENCHANTED_GLISTERING_MELON,13687.9,3838.5,0,0
ENCHANTMENT_CORRUPTION_5,233402.6,15001.1,0,0
ENCHANTMENT_CORRUPTION_4,91124.8,0.6,0,0
PROTECTOR_FRAGMENT,8207.1,6854.8,0,0
ENCHANTMENT_CORRUPTION_3,80997.9,0.3,0,0
ENCHANTMENT_CORRUPTION_2,5000,0,0,0
ENCHANTMENT_CORRUPTION_1,0,0,0,0
ROCK_GEMSTONE,2585519.3,1671184.9,0,0
ENCHANTED_MELON_BLOCK,51098.4,50032.3,0,0
CONDENSED_FERMENTO,2349680.5,2179288.4,0,0
BEADY_EYES,0.7,0,0,0
DIAMOND,8.7,6.7,0,0
COBBLESTONE,6.5,3.7,0,0
ENCHANTED_PUFFERFISH,2392,2302.6,0,0
PERFECT_RUBY_GEM,9499998.5,8362511.4,0,0
MINION_EXPANDER,91999.8,64114.3,0,0
END_STONE_SHULKER,18206.5,2823.4,0,0
ENCHANTMENT_CAYENNE_5,15499999.4,12157143,0,0
ENCHANTED_HARD_STONE,2775.8,2689.6,0,0
ENCHANTMENT_CAYENNE_4,8819188.3,4001000.1,0,0
ENDER_MONOCLE,9998.3,2004.2,0,0
WINTER_FRAGMENT,1149999.1,695651.2,0,0
KELVIN_INVERTER,98647.3,80472.5,0,0
REFINED_DIAMOND,773288,743002.9,0,0
HAZMAT_ENDERMAN,5199.3,778.3,0,0
FLAWED_OPAL_GEM,3644.2,476.9,0,0
LUXURIOUS_SPOOL,639.7,0.1,0,0
ENCHANTMENT_CAYENNE_3,0,0,0,0
PORK,54.5,40,0,0
ENCHANTMENT_CAYENNE_2,0,0,0,0
ENCHANTMENT_CAYENNE_1,0,0,0,0
ENCHANTMENT_ENDER_SLAYER_1,0,0,0,0
HONEY_JAR,1814.8,447.6,0,0
PET_CAKE,24736.1,12042.9,0,0
ULTIMATE_CARROT_CANDY,2813864.5,2619530.1,0,0
SOLAR_PANEL,520493.9,345000.6,0,0
ENCHANTMENT_FIRE_ASPECT_1,0,0,0,0
LOG_2:1,3.5,2.4,0,0
ENCHANTMENT_TURBO_CACTUS_5,639997.1,400000.6,0,0
UNDEAD_CATALYST,3027.8,1710,0,0
ENCHANTED_SNOW_BLOCK,584,577.4,0,0
ENCHANTMENT_TURBO_CACTUS_4,599999.7,10000,0,0
ENCHANTMENT_TURBO_CACTUS_3,270497.9,5001,0,0
ENCHANTMENT_TURBO_CACTUS_2,81216.8,2000.8,0,0
ENCHANTMENT_FIRE_ASPECT_2,0,0,0,0
ENCHANTMENT_FIRE_ASPECT_3,399999.3,255000.3,0,0
ENCHANTMENT_TURBO_CACTUS_1,31326.5,12000.7,0,0
ENCHANTMENT_ENDER_SLAYER_5,0,0,0,0
ENCHANTMENT_ENDER_SLAYER_4,0,0,0,0
ENCHANTMENT_ENDER_SLAYER_3,0,0,0,0
ENCHANTMENT_ENDER_SLAYER_2,0,0,0,0
ENCHANTMENT_ENDER_SLAYER_7,120999991.6,109205755.1,0,0
ENCHANTMENT_ENDER_SLAYER_6,1614480.7,1285539.7,0,0
ENCHANTMENT_SHARPNESS_1,0,0,0,0
DUNGEON_DECOY,46.7,2.4,0,0
REFINED_TUNGSTEN,2762559.5,2619421.9,0,0
ENCHANTMENT_SHARPNESS_5,0,0,0,0
JERRY_BOX_GOLDEN,1154233.4,1026474.9,0,0
ENCHANTMENT_SHARPNESS_4,0,0,0,0
ENCHANTMENT_SHARPNESS_3,0,0,0,0
ENCHANTMENT_SHARPNESS_2,0,0,0,0
ENCHANTMENT_BIG_BRAIN_4,85000000,525010,0,0
ENCHANTMENT_BIG_BRAIN_5,137999996.5,89550000.2,0,0
ENCHANTMENT_BIG_BRAIN_3,31631720.4,25521588,0,0
ENCHANTED_CARROT_ON_A_STICK,0,0,0,0
ENCHANTMENT_THUNDERLORD_7,7208018.7,6489996,0,0
ENCHANTMENT_THUNDERLORD_6,6389.7,1.3,0,0
ENCHANTMENT_TURBO_MELON_5,999996.8,560000.7,0,0
FLY_SWATTER,597457.6,570002.5,0,0
DERELICT_ASHE,1060,800.2,0,0
ENCHANTMENT_THUNDERLORD_3,0,0,0,0
ENCHANTMENT_THUNDERLORD_2,0,0,0,0
ENCHANTMENT_SHARPNESS_7,116299997.6,101000008.4,0,0
ENCHANTMENT_THUNDERLORD_5,0,0,0,0
ENCHANTMENT_SHARPNESS_6,1999999.3,1800011.7,0,0
ENCHANTMENT_THUNDERLORD_4,0,0,0,0
ENCHANTED_ACACIA_LOG,2446.9,2227.9,0,0
ENCHANTMENT_MANA_STEAL_1,19975.6,11251.1,0,0
ENCHANTMENT_MANA_STEAL_2,99999.8,20000.2,0,0
ENCHANTMENT_THUNDERLORD_1,0,0,0,0
ENCHANTMENT_MANA_STEAL_3,135985.8,44802.8,0,0
SAND,14.2,7.7,0,0
PLASMA_BUCKET,15599997.5,15158372.4,0,0
ENCHANTMENT_TURBO_MELON_3,403560.5,86678.7,0,0
ANCIENT_CLAW,199.7,147.4,0,0
ENCHANTMENT_STRONG_MANA_7,16201494.3,40001.1,0,0
ENCHANTMENT_TURBO_MELON_4,685443.5,342721.8,0,0
ENCHANTED_GHAST_TEAR,634.8,544.9,0,0
ENCHANTMENT_STRONG_MANA_6,6799995.4,696255.4,0,0
ENCHANTMENT_STRONG_MANA_5,3148787,2687878.8,0,0
ENCHANTMENT_TURBO_MELON_1,42962.3,24042.3,0,0
ENCHANTED_COCOA,614.9,584.5,0,0
ENCHANTMENT_TURBO_MELON_2,196997.4,15050.7,0,0
ENCHANTMENT_STRONG_MANA_4,1738132.2,1238540.5,0,0
ENCHANTMENT_STRONG_MANA_3,803321.6,615228.9,0,0
AMBER_MATERIAL,3651932.1,2168075.7,0,0
ENCHANTMENT_STRONG_MANA_2,395499.8,45000.4,0,0
ENCHANTMENT_STRONG_MANA_1,234922.6,140004.5,0,0
CARROT_BAIT,261.3,85.9,0,0
FINE_TOPAZ_GEM,25499.1,22936.2,0,0
FINE_RUBY_GEM,19693.9,18352.9,0,0
HYPERGOLIC_IONIZED_CERAMICS,3707.4,2250.5,0,0
HAY_BLOCK,59.6,50.2,0,0
ENCHANTED_ROTTEN_FLESH,822.3,762.3,0,0
ENCHANTED_GRILLED_PORK,132221.9,128238,0,0
WISHING_COMPASS,3,0.2,0,0
ENCHANTED_ANCIENT_CLAW,1989.4,1000.5,0,0
ENCHANTMENT_HARDENED_MANA_1,39998.9,26001.6,0,0
FULL_CHUM_BUCKET,17476.1,11300.5,0,0
ENCHANTMENT_HARDENED_MANA_3,136997.3,75001.5,0,0
OVERGROWN_GRASS,45021740.4,42000000.6,0,0
PUMPKIN_BOMB,8288.1,5854.1,0,0
ENCHANTMENT_HARDENED_MANA_2,74060.7,13626.8,0,0
ENCHANTMENT_ULTIMATE_COMBO_1,229.7,0.1,0,0
SOULFLOW_ENGINE,34999999.9,24244062.6,0,0
ENCHANTMENT_ULTIMATE_COMBO_2,999,5,0,0
ENCHANTMENT_ULTIMATE_COMBO_5,90409.6,4102.4,0,0
PET_ITEM_TOY_JERRY,49478.9,8218.9,0,0
ENCHANTMENT_ULTIMATE_COMBO_3,49997.2,10.2,0,0
ENCHANTED_LAVA_BUCKET,164234.4,154740.8,0,0
ENCHANTMENT_ULTIMATE_COMBO_4,49999.7,1204.4,0,0
BUBBA_BLISTER,518097.6,411005.3,0,0
RAW_FISH:3,13,10,0,0
ENCHANTED_UMBER,15039.1,14427.9,0,0
ENCHANTMENT_STRONG_MANA_9,54000000,75000.6,0,0
ENCHANTMENT_STRONG_MANA_8,28999998.6,800017,0,0
ROUGH_AQUAMARINE_GEM,5.1,3.4,0,0
DIAMOND_ATOM,7749.8,205.8,0,0
RAW_FISH:2,21.2,13.3,0,0
RAW_FISH:1,9.8,6.8,0,0
PRECURSOR_GEAR,481317.5,442411,0,0
GOBLIN_EGG_RED,9181.5,7841.4,0,0
ENCHANTMENT_TURBO_WARTS_1,3198.9,0.4,0,0
ENCHANTMENT_TURBO_WARTS_2,44999.8,0,0,0
ENCHANTMENT_TURBO_WARTS_3,57499,2.3,0,0
ENCHANTMENT_TURBO_WARTS_4,72902.6,20.4,0,0
ENCHANTMENT_TURBO_WARTS_5,104999.7,31000,0,0
WHALE_BAIT,3581.8,2503.6,0,0
SPONGE,104.9,37.5,0,0
ENCHANTED_DARK_OAK_LOG,896.2,768.3,0,0
FLAWLESS_TOPAZ_GEM,1995324.9,1908596.1,0,0
ENCHANTMENT_HARDENED_MANA_5,571196.1,420003.8,0,0
ENCHANTMENT_HARDENED_MANA_4,252249.3,170001.5,0,0
CAPSAICIN_EYEDROPS_NO_CHARGES,1580688.1,1314002.9,0,0
ENCHANTMENT_HARDENED_MANA_7,4699998.2,1000000.4,0,0
ENCHANTMENT_HARDENED_MANA_6,1999994.5,400002.3,0,0
ENCHANTMENT_HARDENED_MANA_9,11999999.9,2000000.6,0,0
ENCHANTMENT_ULTIMATE_NO_PAIN_NO_GAIN_4,44999.9,1,0,0
ENCHANTMENT_ULTIMATE_NO_PAIN_NO_GAIN_3,44999.3,2.1,0,0
ENCHANTMENT_HARDENED_MANA_8,11989996.1,600007.8,0,0
ENCHANTMENT_ULTIMATE_NO_PAIN_NO_GAIN_5,154857.1,6000,0,0
ENCHANTED_RAW_CHICKEN,748.7,645.1,0,0
ENCHANTED_WATER_LILY,1664.4,1363.2,0,0
RED_SCARF,559046,500000.9,0,0
LOG:1,9.9,6,0,0
TITANIUM_ORE,196.1,127.4,0,0
BLUE_SHARK_TOOTH,79996.2,64507.3,0,0
ROBOTRON_REFLECTOR,209992.1,188796.4,0,0
CHILI_PEPPER,10491.5,7782.3,0,0
LOG:3,12,6,0,0
LOG:2,4.2,1.5,0,0
SIL_EX,15154843.4,14243617.5,0,0
ENCHANTED_CACTUS,128474.8,123957.1,0,0
SALT_CUBE,776.6,10,0,0
ONYX,1455.7,0.7,0,0
ENCHANTED_SULPHUR,1654,1576.1,0,0
ENCHANTED_COOKED_SALMON,255555.8,249867.5,0,0
ENCHANTED_SEEDS,495.6,465,0,0
ENCHANTED_BONE_MEAL,20,2.4,0,0
ENCHANTMENT_EXPERIENCE_5,23999980.9,20500000.2,0,0
ENCHANTED_BONE_BLOCK,62214,50007.3,0,0
OMEGA_EGG,714499.2,350000.9,0,0
SMALL_ENCHANTED_CHEST,500,84.4,0,0
PURPLE_CANDY,24142,24002.2,0,0
ENCHANTMENT_EXPERIENCE_2,0,0,0,0
POLISHED_PUMPKIN,256495.8,250001.7,0,0
ENCHANTMENT_EXPERIENCE_1,0,0,0,0
ENCHANTMENT_EXPERIENCE_4,499994.1,353068.1,0,0
ENCHANTMENT_EXPERIENCE_3,0,0,0,0
ENCHANTED_GOLD_BLOCK,102720.3,100635.7,0,0
FINE_OPAL_GEM,64948.6,44169.7,0,0
ENCHANTED_FLINT,5569.1,5485.4,0,0
SCORCHED_POWER_CRYSTAL,1887026,1643593.2,0,0
REHEATED_GUMMY_POLAR_BEAR,96991.4,60192.3,0,0
SCARF_FRAGMENT,1840,500.8,0,0
FURBALL,86196.3,7046,0,0
ESSENCE_SPIDER,917,869.9,0,0
ENCHANTED_CLAY_BALL,463.5,460.8,0,0
GLOWSTONE_DUST,28,6.4,0,0
FLYCATCHER_UPGRADE,26487869.1,26092751.4,0,0
PERFECT_AMETHYST_GEM,13432237.3,12683224.1,0,0
IMPLOSION_SCROLL,273776013.7,263472771.6,0,0
CROPIE,25294.5,24443.6,0,0
FTX_3070,198425.4,184286.9,0,0
PET_ITEM_VAMPIRE_FANG,1999.4,1.3,0,0
ENDSTONE_GEODE,1898.9,5.1,0,0
ENCHANTMENT_PALEONTOLOGIST_5,35999999.7,28500000.6,0,0
GREAT_CARROT_CANDY,218983.1,176536.2,0,0
ENCHANTMENT_MANA_VAMPIRE_10,114999998.6,20000000.4,0,0
ENCHANTED_BONE,1404.3,1268.1,0,0
LAVA_WATER_ORB,1899999.9,1700000,0,0
OPTICAL_LENS,4732.1,2.8,0,0
ENCHANTMENT_PALEONTOLOGIST_3,10872149.5,1229043.7,0,0
ENCHANTMENT_PALEONTOLOGIST_4,32999999.9,950008.9,0,0
ENCHANTED_DIAMOND_BLOCK,205398.6,202996.4,0,0
ENCHANTMENT_PALEONTOLOGIST_1,1844292.6,1608125.9,0,0
ENCHANTMENT_DELICATE_5,1143108.8,800001.9,0,0
ENCHANTMENT_PALEONTOLOGIST_2,4999999.2,258082.4,0,0
GOBLIN_EGG_GREEN,2375.1,1595.5,0,0
ENCHANTMENT_PROSECUTE_6,105999995.6,83005569.6,0,0
ENCHANTMENT_CASTER_1,0,0,0,0
ENCHANTMENT_CASTER_2,0,0,0,0
ENCHANTMENT_PROSECUTE_5,0,0,0,0
GIANT_FRAGMENT_BIGFOOT,10599.9,7300.3,0,0
LIGHT_BAIT,214.8,102.3,0,0
HOT_POTATO_BOOK,85882.8,81430.3,0,0
MAGIC_MUSHROOM_SOUP,349.7,153.3,0,0
ENCHANTMENT_CASTER_3,0,0,0,0
CLAY_BALL,3,1,0,0
ENCHANTMENT_CASTER_4,0,0,0,0
ENCHANTMENT_CASTER_5,0,0,0,0
ENCHANTMENT_CASTER_6,74997.4,20924.2,0,0
OLD_FRAGMENT,9197.8,8224.4,0,0
BEATING_HEART,25220.7,11375.5,0,0
ROUGH_AMBER_GEM,3.9,1.5,0,0
ENCHANTMENT_PROSECUTE_4,0,0,0,0
ENCHANTMENT_PROSECUTE_3,0,0,0,0
ENCHANTMENT_PROSECUTE_2,0,0,0,0
ENCHANTMENT_PROSECUTE_1,0,0,0,0
AMALGAMATED_CRIMSONITE,0,0,0,0
FINE_AMBER_GEM,24987.5,22500.8,0,0
SUPER_MAGIC_MUSHROOM_SOUP,8253.6,5324.2,0,0
ENCHANTED_QUARTZ,4011.5,3632.9,0,0
ENCHANTED_COAL_BLOCK,73285.9,69081.1,0,0
ENDER_PEARL,6,4.3,0,0
LESSER_SOULFLOW_ENGINE,3676999.5,3087118,0,0
ENCHANTED_GLACITE,10581.4,10035.2,0,0
LARGE_WALNUT,424899.3,211249.6,0,0
FLAWED_JADE_GEM,298.7,271,0,0
TOIL_LOG,0,0,0,0
SLUDGE_JUICE,2171.5,2084.8,0,0
BONZO_FRAGMENT,63.5,14.8,0,0
SUGAR_CANE,9,3.5,0,0
ENCHANTMENT_RESPITE_5,1056537.7,449250.3,0,0
ENCHANTMENT_RESPITE_3,122796.2,70003.9,0,0
ENCHANTMENT_RESPITE_4,4999999.9,82003.7,0,0
ENCHANTMENT_RESPITE_1,124784.9,20501.2,0,0
ENCHANTMENT_RESPITE_2,54684.1,15952.4,0,0
TESSELLATED_ENDER_PEARL,3911271.3,3575746.9,0,0
ENCHANTED_RAW_BEEF,635.6,606.7,0,0
AOTE_STONE,4299997.2,3772003.1,0,0
RABBIT_HIDE,18,13.2,0,0
INFERNO_FUEL_BLOCK,72986.1,58320.5,0,0
ENCHANTMENT_OVERLOAD_5,12646661.8,10480000.1,0,0
ENCHANTMENT_OVERLOAD_4,9999998.2,650000.1,0,0
ENCHANTMENT_OVERLOAD_3,4268291.8,2299999,0,0
ENCHANTMENT_OVERLOAD_2,1599999.2,500,0,0
ENCHANTMENT_OVERLOAD_1,723183.1,661866.9,0,0
DARK_BAIT,1299.6,1120,0,0
ENCHANTED_PUMPKIN,1599.9,1551.6,0,0
ENCHANTED_COOKED_FISH,152140.4,143812.9,0,0
OBSIDIAN,21,13.3,0,0
PET_ITEM_EXP_SHARE_DROP,3339404,3110000,0,0
STARFALL,1519,1466,0,0
ENCHANTMENT_FIRE_PROTECTION_6,295284.3,150,0,0
SECOND_MASTER_STAR,19499996.1,18580737.4,0,0
ENCHANTMENT_FIRE_PROTECTION_5,0,0,0,0
ROUGH_ONYX_GEM,3.9,2.1,0,0
ENCHANTMENT_FIRE_PROTECTION_7,3699999.2,1210327,0,0
ENCHANTMENT_HARDENED_MANA_10,34877938.7,4515471.1,0,0
FLAWLESS_ONYX_GEM,2462720.9,2362476.4,0,0
ENCHANTMENT_ULTIMATE_JERRY_2,168.9,1,0,0
ENTROPY_SUPPRESSOR,9999997.4,7150000.8,0,0
ENCHANTMENT_ULTIMATE_REND_3,2905555.6,255557.3,0,0
ENCHANTMENT_ULTIMATE_JERRY_1,2753.3,0,0,0
ENCHANTMENT_ULTIMATE_REND_2,799999.9,100000.8,0,0
ENCHANTMENT_ULTIMATE_REND_1,699283.1,347931.5,0,0
GLOWSTONE_DUST_DISTILLATE,4994.8,4764.6,0,0
ENCHANTED_POPPY,4637.7,2589.9,0,0
ENCHANTMENT_ULTIMATE_JERRY_5,82129.8,1000.7,0,0
ENCHANTMENT_ULTIMATE_JERRY_4,99999,10.9,0,0
ENCHANTMENT_ULTIMATE_REND_5,10000000,5275001.8,0,0
ENCHANTMENT_ULTIMATE_JERRY_3,1000.3,1,0,0
ENCHANTMENT_ULTIMATE_REND_4,5999999.3,1304260,0,0
ENCHANTMENT_FIRE_PROTECTION_2,0,0,0,0
ENCHANTMENT_FIRE_PROTECTION_1,0,0,0,0
ENCHANTMENT_FIRE_PROTECTION_4,0,0,0,0
BAZAAR_COOKIE,0,0,0,0
ENCHANTMENT_FIRE_PROTECTION_3,0,0,0,0
FLAWLESS_PERIDOT_GEM,3975552.1,3628536.8,0,0
BROWN_MUSHROOM,9.7,6.5,0,0
DISPLACED_LEECH,209995.3,128781.3,0,0
ENCHANTMENT_HARVESTING_5,0,0,0,0
ENCHANTMENT_HARVESTING_4,0,0,0,0
ENCHANTMENT_HARVESTING_3,0,0,0,0
CARROT_ITEM,3,2.7,0,0
ENCHANTMENT_HARVESTING_2,0,0,0,0
ENCHANTMENT_HARVESTING_1,0,0,0,0
UMBER,109.9,83.6,0,0
HEALING_TISSUE,9083.3,5003.3,0,0
EXP_BOTTLE,48,8.1,0,0
MOLTEN_CUBE,7293.1,19.9,0,0
ENCHANTMENT_HARVESTING_6,1999847.1,1368236.3,0,0
ENCHANTED_RABBIT_HIDE,11667.5,10370.2,0,0
WATER_ORB,749887.5,300005.1,0,0
GLACITE_JEWEL,41305.4,38103.1,0,0
INFERNO_VERTEX,5717868.7,5500000.1,0,0
RUSTY_ANCHOR,13864805.3,4067813.9,0,0
WEAK_WOLF_CATALYST,19899.2,16250.1,0,0
FLAWED_AMETHYST_GEM,300.5,270.3,0,0
PERFECT_JADE_GEM,12479844.5,12285054.3,0,0
ENCHANTED_BIRCH_LOG,628.9,498.9,0,0
FOURTH_MASTER_STAR,74999998.2,70075614.7,0,0
ENCHANTED_GUNPOWDER,3214.7,2832.1,0,0
REFINED_AMBER,1069393.7,556972,0,0
ENCHANTED_SUGAR,821.4,722.6,0,0
CACTUS,4.8,2.7,0,0
DUNG,3750,3111.2,0,0
ENCHANTED_RAW_SALMON,1603.1,1544.4,0,0
BOBBIN_SCRIPTURES,35982.5,28732.4,0,0
ENCHANTED_EMERALD,1137.5,1033.9,0,0
RED_MUSHROOM,10.6,6.5,0,0
GRAND_EXP_BOTTLE,5156.8,5050.1,0,0
MUTTON,108.1,60.6,0,0
ENCHANTMENT_DEDICATION_2,2297667.9,1834563.7,0,0
ENCHANTMENT_DEDICATION_1,991667.3,878144.2,0,0
ENCHANTMENT_DEDICATION_4,16938788.2,15779464.1,0,0
ENCHANTMENT_DEDICATION_3,4143557.9,2761874.9,0,0
ENCHANTMENT_ULTIMATE_WISE_2,223414.9,203824.9,0,0
ENCHANTMENT_ULTIMATE_WISE_1,114867.7,113733.5,0,0
SPIDER_EYE,16.9,7.2,0,0
ENCHANTMENT_ULTIMATE_WISE_4,1330967.1,800000.1,0,0
ENCHANTMENT_ULTIMATE_WISE_3,667454.9,374585.8,0,0
BEJEWELED_HANDLE,119850.7,111058.7,0,0
LARGE_ENCHANTED_CHEST,349832.3,306512.4,0,0
ENCHANTED_NETHERRACK,380.1,5.9,0,0
JADERALD,3900000,3810000.5,0,0
ENCHANTMENT_TRUE_PROTECTION_1,1044999.1,792588.5,0,0
CORRUPT_SOIL,1547999.7,1429806.8,0,0
RARE_DIAMOND,313.7,1.3,0,0
PRISMARINE_CRYSTALS,14.5,3.6,0,0
ICE,18.5,5.6,0,0
GLOSSY_GEMSTONE,0,5297000,0,0
TIGER_SHARK_TOOTH,72678.2,53382.6,0,0
ENCHANTMENT_LUCK_OF_THE_SEA_4,0,0,0,0
ENCHANTMENT_LUCK_OF_THE_SEA_5,0,0,0,0
ENCHANTMENT_LUCK_OF_THE_SEA_6,134994.3,20005.5,0,0
ENCHANTMENT_SMARTY_PANTS_3,4717879.1,2178856.8,0,0
ENCHANTMENT_ULTIMATE_WISE_5,2068305,1900960.8,0,0
ENCHANTMENT_SMARTY_PANTS_2,2132574.3,703928.7,0,0
ENCHANTMENT_LUCK_OF_THE_SEA_1,0,0,0,0
ENCHANTMENT_SMARTY_PANTS_5,10569897.1,8736323.1,0,0
ENCHANTMENT_LUCK_OF_THE_SEA_2,0,0,0,0
ENCHANTMENT_SMARTY_PANTS_4,9499994.5,3839849.4,0,0
ENCHANTMENT_LUCK_OF_THE_SEA_3,0,0,0,0
GOLDEN_TOOTH,104996.8,96733.1,0,0
THE_ART_OF_PEACE,51821995.2,48000000.2,0,0
ENCHANTMENT_SMARTY_PANTS_1,644134.3,503405.5,0,0
HYPER_CATALYST,224999.6,209182.9,0,0
VOLTA,2221.1,1704.8,0,0
RABBIT_FOOT,14.1,2.1,0,0
SUPERLITE_MOTOR,104058.9,91380.9,0,0
REDSTONE,1.2,0.8,0,0
BRAIDED_GRIFFIN_FEATHER,20281983.8,17241522.9,0,0
SUSPICIOUS_SCRAP,292665.6,257964.1,0,0
SPIRIT_WING,7705300,5547154.9,0,0
SPOOKY_WATER_ORB,5180287.4,3750000.7,0,0
THE_ART_OF_WAR,6962996.8,6436807.2,0,0
ENCHANTMENT_LURE_2,0,0,0,0
ENCHANTMENT_LURE_1,0,0,0,0
SLIME_BALL,41.1,34.4,0,0
ENCHANTMENT_LURE_6,32,0,0,0
ENCHANTMENT_LURE_5,0,0,0,0
ENCHANTMENT_LURE_4,0,0,0,0
ENCHANTMENT_LURE_3,0,0,0,0
HOLY_FRAGMENT,9148.9,8683.6,0,0
SNOW_BALL,10,0.9,0,0
ENCHANTED_WOOL,295.8,286.4,0,0
ENCHANTED_EGG,4698.7,3555.3,0,0
GLEAMING_CRYSTAL,0,300000.1,0,0
SUPERB_CARROT_CANDY,2158191.9,1427188.2,0,0
ENCHANTMENT_FEROCIOUS_MANA_8,18000000,3419390.9,0,0
ENCHANTMENT_FEROCIOUS_MANA_9,39500000,2100005.9,0,0
FINE_JADE_GEM,25995.5,22252.6,0,0
FLAWED_RUBY_GEM,298,231,0,0
ENCHANTMENT_FEROCIOUS_MANA_4,795407.7,320000.1,0,0
ENCHANTMENT_MAGNET_2,0,0,0,0
RAW_CHICKEN,37.6,18.9,0,0
ENCHANTMENT_FEROCIOUS_MANA_5,1701370.7,1210947.5,0,0
ENCHANTMENT_MAGNET_1,0,0,0,0
SORROW,198926,190154.2,0,0
ENCHANTMENT_FEROCIOUS_MANA_6,3979988.4,830001.1,0,0
ENCHANTMENT_MAGNET_4,0,0,0,0
ENCHANTMENT_FEROCIOUS_MANA_7,8999998,1976957.1,0,0
ENCHANTMENT_MAGNET_3,0,0,0,0
FLAWLESS_JASPER_GEM,5459338,5335534,0,0
ENCHANTMENT_MAGNET_6,0.1,0,0,0
ENCHANTMENT_FEROCIOUS_MANA_1,152207.6,77589.7,0,0
ENCHANTMENT_MAGNET_5,0,0,0,0
ENCHANTMENT_FEROCIOUS_MANA_2,171696.1,74006.3,0,0
LUSH_BERBERIS,438.3,183.5,0,0
ENCHANTMENT_FEROCIOUS_MANA_3,352665.7,135000.3,0,0
ENCHANTMENT_PESTERMINATOR_1,1180855.3,1104943.4,0,0
ENCHANTMENT_PESTERMINATOR_2,2399998.6,1850004.1,0,0
ENCHANTMENT_PROJECTILE_PROTECTION_7,9999999.2,150000.1,0,0
ENCHANTMENT_CHAMPION_10,0,0,0,0
ENCHANTMENT_PESTERMINATOR_3,5699986.4,3858280.5,0,0
ENCHANTMENT_PROJECTILE_PROTECTION_6,2185.3,0.4,0,0
ENCHANTED_SHARK_FIN,37532.3,30000.3,0,0
ENCHANTMENT_PESTERMINATOR_4,11144412,7757002.3,0,0
ENCHANTMENT_PROJECTILE_PROTECTION_5,0,0,0,0
ENCHANTMENT_PESTERMINATOR_5,19382174.3,17600966,0,0
ENCHANTMENT_PROJECTILE_PROTECTION_4,0,0,0,0
ENCHANTMENT_PROJECTILE_PROTECTION_3,0,0,0,0
ENCHANTMENT_PROJECTILE_PROTECTION_2,0,0,0,0
ENCHANTMENT_PROJECTILE_PROTECTION_1,0,0,0,0
INK_SACK,1389,1297.4,0,0
CRYSTAL_FRAGMENT,160338.8,153503.8,0,0
ENCHANTED_REDSTONE_BLOCK,25775,25100,0,0
DIVAN_POWDER_COATING,0,52500001.3,0,0
INFERNO_APEX,124998999.7,107000001.7,0,0
ENCHANTED_REDSTONE_LAMP,170997.7,45000.1,0,0
TREASURITE,16888.5,15553.8,0,0
PERFECT_OPAL_GEM,19987330.8,18569867.3,0,0
MELON,2,1.1,0,0
DIAMONITE,2068166.2,862071,0,0
GLOWING_MUSHROOM,833.8,308.2,0,0
ENCHANTMENT_DRAGON_HUNTER_4,9999999.8,3041107.7,0,0
ENCHANTMENT_DRAGON_HUNTER_3,5989995.9,1559203.1,0,0
ENCHANTMENT_DRAGON_HUNTER_5,17400518.3,14660250.4,0,0
ENCHANTED_IRON_BLOCK,270970.4,268291.2,0,0
ENCHANTMENT_DRAGON_HUNTER_2,2498995.9,1350000.4,0,0
BONE,6.7,4.2,0,0
ENCHANTMENT_DRAGON_HUNTER_1,1169997,931003.3,0,0
POISONOUS_POTATO,9.9,4.8,0,0
KISMET_FEATHER,1919999,1882278.5,0,0
REVENANT_FLESH,49.6,38.7,0,0
VOLCANIC_ROCK,1498999.9,1179231.3,0,0
ENCHANTED_GLOWSTONE,66567.3,52326.1,0,0
OBSIDIAN_TABLET,2053488.9,1591386.7,0,0
ESSENCE_WITHER,2764,2645,0,0
ENCHANTMENT_CHARM_2,291899.3,1106,0,0
ENCHANTMENT_CHARM_3,810757.8,4001.8,0,0
ENCHANTMENT_CHARM_1,60556.5,35306.8,0,0
BLAZE_ROD,28.7,21,0,0
ENCHANTMENT_CHARM_4,1299998.5,40000.7,0,0
YOUNG_FRAGMENT,8059.3,6857.9,0,0
ENCHANTMENT_CHARM_5,1999995.2,861850.6,0,0
MITHRIL_PLATE,7248461.2,7112153.6,0,0
BLOOD_SOAKED_COINS,10999995.7,4319366.1,0,0
REFINED_MINERAL,17045.9,13768.2,0,0
CHYME,9999999,536006.6,0,0
GUARDIAN_LUCKY_BLOCK,349998.9,200000.5,0,0
DIVAN_FRAGMENT,2643771.6,2589112.1,0,0
ROUGH_RUBY_GEM,2.9,1.2,0,0
ENCHANTMENT_IMPALING_3,0,0,0,0
ENCHANTMENT_IMPALING_2,0,0,0,0
GOBLIN_EGG_BLUE,4599997.9,4425009.7,0,0
ENCHANTMENT_IMPALING_1,0,0,0,0
CATALYST,169907.3,160004,0,0
REFINED_DARK_CACAO_TRUFFLE,15442229.8,14445603.9,0,0
ENCHANTED_INK_SACK,111657,102013.7,0,0
JERRY_STONE,8997,3.5,0,0
MOLTEN_POWDER,257933.9,203500.4,0,0
FLAWLESS_SAPPHIRE_GEM,1807164.2,1635463.2,0,0
MAGMA_URCHIN,7304784.4,6456912.1,0,0
PERFECT_AQUAMARINE_GEM,23499999,17567502.6,0,0
JACOBS_TICKET,16749.5,14777.7,0,0
ENCHANTMENT_QUANTUM_4,799999.6,314086.9,0,0
BAT_FIREWORK,258997.4,169653.1,0,0
ENCHANTMENT_QUANTUM_5,1999999.9,1150262.3,0,0
ABSOLUTE_ENDER_PEARL,13524.5,11664.1,0,0
ARACHNE_FRAGMENT,11603.9,8678.5,0,0
ENCHANTMENT_REPLENISH_1,1427896,1158297.3,0,0
ENCHANTMENT_QUANTUM_3,351014.8,260289.8,0,0
ENCHANTED_ENDER_PEARL,198.2,150.5,0,0
ARROW_BUNDLE_MAGMA,641828.3,543912.5,0,0
SPIKED_BAIT,217.4,34.1,0,0
ENCHANTED_FERMENTED_SPIDER_EYE,143651.9,132823.7,0,0
FROZEN_BAIT,3799.7,3145.7,0,0
BLESSED_FRUIT,1061764.9,923084.6,0,0
ENCHANTMENT_ULTIMATE_SWARM_5,9041520.6,7212924.2,0,0
VERY_CRUDE_GABAGOOL,100771.2,96002.4,0,0
ENCHANTMENT_TURBO_WHEAT_3,242998.6,12157.2,0,0
ENCHANTMENT_TURBO_WHEAT_4,364999.4,50000.1,0,0
ENCHANTMENT_SILK_TOUCH_1,0,0,0,0
ENCHANTMENT_TURBO_WHEAT_1,9098.8,407.2,0,0
ENCHANTMENT_TURBO_WHEAT_2,30999.1,17.1,0,0
ENCHANTMENT_ULTIMATE_SWARM_3,3058233.6,785529,0,0
ENCHANTMENT_ULTIMATE_SWARM_4,5999999,3942153.7,0,0
ENCHANTMENT_TURBO_WHEAT_5,279999.9,130000.1,0,0
ENCHANTMENT_ULTIMATE_SWARM_1,470790.8,434409.5,0,0
EXPORTABLE_CARROTS,7368.7,6802.9,0,0
ENCHANTMENT_ULTIMATE_SWARM_2,1350598.4,926850.9,0,0
NULL_OVOID,104623.2,100656.5,0,0
GOLD_INGOT,4.2,2.6,0,0
ENCHANTMENT_SUGAR_RUSH_3,1999999.9,1423757.2,0,0
ENCHANTMENT_SUGAR_RUSH_2,1489999.6,560000.1,0,0
FLAWLESS_CITRINE_GEM,2059897.5,1900001,0,0
ENCHANTED_IRON,1835.9,1732.4,0,0
ENCHANTMENT_SUGAR_RUSH_1,4111814.4,325346.6,0,0
ENCHANTED_HAY_BLOCK,7949.3,7708.1,0,0
HEMOVIBE,269.4,197.2,0,0
ENCHANTED_TITANIUM,20924.9,19280.2,0,0
SPOOKY_BAIT,76.8,26.4,0,0
EMERALD,8.1,5.5,0,0
TWILIGHT_ARROW_POISON,2505.9,2166.6,0,0
ENCHANTED_RABBIT_FOOT,3710.5,2356,0,0
POTATO_SPREADING,3990.5,200.6,0,0
ENCHANTED_ICE,466.9,318.3,0,0
ARACHNE_KEEPER_FRAGMENT,516.4,386.5,0,0
ENCHANTMENT_GROWTH_1,0,0,0,0
ENCHANTMENT_GROWTH_2,0,0,0,0
GREEN_GIFT,7669.5,6827,0,0
ENCHANTMENT_GROWTH_3,0,0,0,0
ENCHANTMENT_GROWTH_4,0,0,0,0
SKELETON_KEY,43438160.7,41885103.7,0,0
ENCHANTMENT_GROWTH_5,0,0,0,0
RED_NOSE,1273.2,1.1,0,0
FLAWLESS_AMETHYST_GEM,1907996.5,1745602.4,0,0
ENCHANTMENT_GROWTH_6,8591915.1,7886238.3,0,0
NULL_EDGE,509966.3,428607.8,0,0
ENCHANTMENT_GROWTH_7,149999993.6,131555111,0,0
THORN_FRAGMENT,79.8,40.9,0,0
PACKED_ICE,61.4,33.9,0,0
YELLOW_FLOWER,172.1,145.2,0,0
CLIPPED_WINGS,927.7,1,0,0
REVENANT_CATALYST,43148.4,7187.8,0,0
WITHER_CATALYST,1052021.9,976886.3,0,0
HAMSTER_WHEEL,63374.1,58161.6,0,0
ENCHANTED_COAL,676.5,656,0,0
MAGMA_FISH_SILVER,22383.6,21286.5,0,0
FLAWLESS_OPAL_GEM,5499999.3,3476390.8,0,0
SULPHURIC_COAL,4535.2,3024.2,0,0
ESSENCE_UNDEAD,725.6,640.8,0,0
DRAGON_CLAW,27498.8,10102.1,0,0
DAEDALUS_STICK,5632424.9,5061662.2,0,0
ENCHANTMENT_ULTIMATE_CHIMERA_1,136209585.4,130306568.5,0,0
ENCHANTMENT_ULTIMATE_LAST_STAND_5,3372075,2826769.2,0,0
ENCHANTMENT_ULTIMATE_LAST_STAND_4,2135392.1,1440005.8,0,0
ENCHANTMENT_ULTIMATE_LAST_STAND_3,892099.9,193218.8,0,0
ENCHANTMENT_ULTIMATE_CHIMERA_5,0,500000000,0,0
ENCHANTMENT_ULTIMATE_CHIMERA_4,0,100000000.8,0,0
ENCHANTMENT_ULTIMATE_LAST_STAND_2,337329.1,325523.3,0,0
ENCHANTMENT_ULTIMATE_LAST_STAND_1,176521.7,160504.4,0,0
PET_ITEM_PURE_MITHRIL_GEM,359621.7,134686.5,0,0
ENCHANTMENT_ULTIMATE_CHIMERA_3,0,110250003.9,0,0
JUNGLE_HEART,263.8,1,0,0
ENCHANTMENT_ULTIMATE_CHIMERA_2,0,20000000.2,0,0
LUCKY_DICE,1600000,955555,0,0
FOUL_FLESH,31221.9,29332.1,0,0
RAW_BEEF,19.6,4.9,0,0
ENCHANTED_EYE_OF_ENDER,6923.2,6473.9,0,0
ECTOPLASM,125891.7,99738.5,0,0
PRECIOUS_PEARL,599995.8,429383.4,0,0
ENCHANTED_MYCELIUM,8637.9,8410.5,0,0
MAGMA_FISH_DIAMOND,22197266.5,21000000.1,0,0
RABBIT,109,59.1,0,0
ENCHANTED_HOPPER,1427390.7,1333429.2,0,0
FINE_FLOUR,6997.6,6106.4,0,0
HEMOBOMB,684598.9,576794.3,0,0
GRIFFIN_FEATHER,100198.6,96181,0,0
POLARVOID_BOOK,2364879.2,2001435.8,0,0
GIANT_FRAGMENT_DIAMOND,1124143.4,1057953.7,0,0
SOULFLOW,52657.9,48704.6,0,0
METAPHYSICAL_SERUM,194013.8,148358.1,0,0
MINNOW_BAIT,115.8,5.5,0,0
AVARICIOUS_CHALICE,389999999.8,270000000.1,0,0
ENCHANTED_MAGMA_CREAM,4158.2,3876.7,0,0
ENCHANTED_FIREWORK_ROCKET,242383.2,205510.6,0,0
WITHER_BLOOD,1981435.5,1617247.2,0,0
BLAZE_WAX,1015148.9,853416.1,0,0
ENCHANTMENT_EFFICIENCY_5,0,0,0,0
ENCHANTMENT_EFFICIENCY_4,0,0,0,0
CHOCOLATE_CHIP,518996.5,429060.2,0,0
ENCHANTMENT_EFFICIENCY_3,0,0,0,0
ENCHANTMENT_EFFICIENCY_2,0,0,0,0
FLAWLESS_JADE_GEM,1874999.9,1808894.7,0,0
HARD_STONE,4.9,3,0,0
ENCHANTMENT_EFFICIENCY_1,0,0,0,0
SUPERBOOM_TNT,4.6,1.2,0,0
ENCHANTED_COOKED_MUTTON,192102.9,186949.8,0,0
ENCHANTMENT_EFFICIENCY_9,0,0,0,0
ENCHANTMENT_EFFICIENCY_8,0,0,0,0
REFINED_TITANIUM,799996.9,761592,0,0
FLAWED_ONYX_GEM,324.7,271.2,0,0
ENCHANTMENT_EFFICIENCY_7,0,0,0,0
ENCHANTMENT_FEATHER_FALLING_10,60636.8,39406.1,0,0
ENCHANTMENT_EFFICIENCY_6,0,0,0,0
SHINY_PRISM,450560,250000.5,0,0
ENCHANTMENT_SMOLDERING_5,107479995.7,23806640,0,0
ENCHANTMENT_SMOLDERING_3,49999999.3,200002.4,0,0
ENCHANTMENT_SMOLDERING_4,399999999.6,23467510.2,0,0
ENCHANTMENT_SMOLDERING_1,5295795.9,4263257.7,0,0
EGG,23.8,5.6,0,0
FIRST_MASTER_STAR,12768488,12159476.9,0,0
ENCHANTMENT_SMOLDERING_2,16299998.8,2672255,0,0
UMBER_KEY,3269504,2900003.8,0,0
FLOWERING_BOUQUET,24999.9,12585.6,0,0
SPIRIT_LEAP,150,95,0,0
FINE_JASPER_GEM,67734.6,67043,0,0
BOOK_OF_STATS,1499984.7,1167501,0,0
ENCHANTED_CHARCOAL,1586.5,1270.5,0,0
SIMPLE_CARROT_CANDY,5704.9,2552.8,0,0
ENCHANTED_DIAMOND,1322.9,1291.1,0,0
ENCHANTMENT_FEATHER_FALLING_20,0,0,0,0
OIL_BARREL,2999.3,2449.1,0,0
GOLEM_POPPY,169995.8,146328.8,0,0
HORNS_OF_TORMENT,1729470.9,940655.1,0,0
ENCHANTMENT_CRITICAL_6,1979.4,2,0,0
JERRY_BOX_GREEN,153866.3,116711.5,0,0
FARMING_FOR_DUMMIES,1284998.9,1118468.5,0,0
ENCHANTMENT_CRITICAL_7,144999997,133722678.2,0,0
ENCHANTMENT_TOXOPHILITE_1,5739998.5,5000972.9,0,0
ENCHANTMENT_CRITICAL_4,0,0,0,0
ENCHANTMENT_CRITICAL_5,0,0,0,0
ENCHANTMENT_CRITICAL_2,0,0,0,0
ENCHANTED_GOLDEN_CARROT,69310.7,68388.8,0,0
ENCHANTED_TUNGSTEN,15469.2,14091.6,0,0
ENCHANTMENT_CRITICAL_3,0,0,0,0
ENCHANTMENT_CRITICAL_1,0,0,0,0
ENCHANTMENT_AIMING_1,0,0,0,0
ENCHANTMENT_AIMING_2,0,0,0,0
ENCHANTMENT_AIMING_3,0,0,0,0
ENCHANTMENT_AIMING_4,0,0,0,0
ENCHANTMENT_AIMING_5,0,0,0,0
SHADOW_WARP_SCROLL,259188563,251701280.2,0,0
FLAWED_PERIDOT_GEM,675.9,466.5,0,0
ENCHANTMENT_ULTIMATE_HABANERO_TACTICS_4,99999986.6,10000001.7,0,0
ENCHANTMENT_FROST_WALKER_2,0,0,0,0
ENCHANTMENT_THUNDERBOLT_6,3297095.4,1631129,0,0
ENCHANTMENT_BLAST_PROTECTION_7,3424609.4,1000100.8,0,0
ENCHANTED_MYCELIUM_CUBE,164993.2,128434.8,0,0
FLAWED_JASPER_GEM,1297.1,773.2,0,0
ENCHANTMENT_ULTIMATE_HABANERO_TACTICS_5,284999999.7,90000000,0,0
ENCHANTMENT_FROST_WALKER_1,0,0,0,0
EXPIRED_PUMPKIN,8479.2,3728.5,0,0
ENCHANTMENT_ICE_COLD_4,41999998.4,690420.8,0,0
ENCHANTMENT_ICE_COLD_3,0,1005702.7,0,0
ENCHANTMENT_THUNDERBOLT_1,0,0,0,0
GLACIAL_FRAGMENT,50450.3,46091.4,0,0
ENCHANTED_POISONOUS_POTATO,1983,1146.4,0,0
ENCHANTMENT_ICE_COLD_5,84397172.3,48000000,0,0
FLAWED_AMBER_GEM,462.2,275.1,0,0
TUNGSTEN_PLATE,16400092.6,15927069.3,0,0
ENCHANTMENT_THUNDERBOLT_4,0,0,0,0
ENCHANTMENT_THUNDERBOLT_5,0,0,0,0
ENCHANTMENT_ICE_COLD_2,9500000,3304868.1,0,0
ENCHANTMENT_THUNDERBOLT_2,0,0,0,0
ENCHANTMENT_ICE_COLD_1,5924397.9,3431228.6,0,0
ENCHANTMENT_THUNDERBOLT_3,0,0,0,0
ENCHANTMENT_ULTIMATE_REITERATE_1,4979989.3,4276053.1,0,0
ENCHANTMENT_ULTIMATE_REITERATE_4,61999997.1,13075001.8,0,0
ENCHANTMENT_COMPACT_10,0,0,0,0
ENCHANTMENT_ULTIMATE_REITERATE_5,98037982.8,82000001.7,0,0
ENCHANTMENT_ULTIMATE_REITERATE_2,0,4646100.9,0,0
PRISMARINE_SHARD,2.4,1.6,0,0
ENCHANTMENT_ULTIMATE_REITERATE_3,0,5208332.5,0,0
SYNTHETIC_HEART,198397.4,189728.7,0,0
POWER_CRYSTAL,606190.2,577412.6,0,0
WISE_FRAGMENT,20559.1,18175.6,0,0
SHARK_FIN,222.9,196.3,0,0
PERFECT_PERIDOT_GEM,31498999.6,29084779.5,0,0
XXLARGE_ENCHANTED_CHEST,5346266.4,4862695.8,0,0
REFINED_MITHRIL,705320.4,686253.7,0,0
FUEL_TANK,426111.4,391121.5,0,0
UMBER_PLATE,16555554.4,15700000.9,0,0
JALAPENO_BOOK,2579992.4,1756321.4,0,0
ENCHANTMENT_VENOMOUS_3,0,0,0,0
POTATO_ITEM,3.6,2.4,0,0
ENCHANTMENT_VENOMOUS_4,0,0,0,0
ENCHANTMENT_VENOMOUS_5,0,0,0,0
SKYMART_BROCHURE,474172.5,292045.8,0,0
ENCHANTED_HUGE_MUSHROOM_1,51576.6,49874.9,0,0
ENCHANTMENT_VENOMOUS_6,69999998.5,51000007.2,0,0
PRESUMED_GALLON_OF_RED_PAINT,2483145.1,1100000.6,0,0
HEMOGLASS,41189.3,39066,0,0
ENCHANTMENT_VENOMOUS_1,0,0,0,0
ENCHANTMENT_VENOMOUS_2,0,0,0,0
ELECTRON_TRANSMITTER,211319.9,189029.2,0,0
ENCHANTED_COBBLESTONE,739,684.2,0,0
ENCHANTMENT_STRONG_MANA_10,114999986.2,40000000,0,0
ENCHANTED_HUGE_MUSHROOM_2,51131.4,49967.1,0,0
GLOWY_CHUM_BAIT,56.3,14.8,0,0
STUFFED_CHILI_PEPPER,1999999.9,805814.3,0,0
BUDGET_HOPPER,15997.9,8000.6,0,0
TERRY_SNOWGLOBE,2180666.8,1059039.2,0,0
ICE_BAIT,7.1,0.5,0,0
FINE_ONYX_GEM,30643.5,26005.3,0,0
CHEESE_FUEL,6509.1,6207.8,0,0
KUUDRA_MANDIBLE,3299997.4,1500000.5,0,0
ENCHANTMENT_FEATHER_FALLING_3,0,0,0,0
ENCHANTMENT_FEATHER_FALLING_2,0,0,0,0
PUMPKIN_GUTS,296231.9,260000.1,0,0
ENCHANTMENT_FEATHER_FALLING_1,0,0,0,0
ENCHANTMENT_FEATHER_FALLING_7,3999.4,2,0,0
BLAZE_ROD_DISTILLATE,5183.2,4602.8,0,0
WITHER_SHIELD_SCROLL,274609991.4,256420802.6,0,0
ENCHANTMENT_FEATHER_FALLING_6,8.9,0,0,0
ENCHANTMENT_FEATHER_FALLING_5,0,0,0,0
ENCHANTMENT_FEATHER_FALLING_4,0,0,0,0
ENCHANTMENT_FEATHER_FALLING_9,54999.8,7635,0,0
ACACIA_BIRDHOUSE,1122396.5,874060.5,0,0
ENCHANTMENT_FEATHER_FALLING_8,26914.5,301,0,0
SPIDER_CATALYST,9997.6,903.1,0,0
ENCHANTED_LAPIS_LAZULI_BLOCK,82996.8,82061.7,0,0
ENCHANTED_ENDSTONE,319.8,283.2,0,0
ESSENCE_ICE,1721.3,1353.7,0,0
ENCHANTED_SAND,1850,1687.8,0,0
COLOSSAL_EXP_BOTTLE,2178998.2,2000013.8,0,0
ENCHANTED_STRING,2279.8,2254.5,0,0
PERFECT_ONYX_GEM,20283832.6,17666170.8,0,0
MOIL_LOG,0,0,0,0
ENCHANTED_DANDELION,26461.3,24447.9,0,0
MIMIC_FRAGMENT,1496.3,1000,0,0
MAGMA_FISH_GOLD,1760853.2,1609816.2,0,0
SOUL_FRAGMENT,1350000,1200000,0,0
ENCHANTED_LAPIS_LAZULI,809.8,757.5,0,0
MELON_BLOCK,54.9,20,0,0
ENDERMAN_CORTEX_REWRITER,106435.5,71680.7,0,0
CRUDE_GABAGOOL_DISTILLATE,82265.3,75002.1,0,0
SEEDS,3.4,1.9,0,0
ENCHANTED_LEATHER,6994.9,6829.3,0,0
ENCHANTED_SPONGE,2089.9,1903.7,0,0
WOLF_TOOTH,636,620.2,0,0
ENCHANTED_NETHER_STALK,649,619.5,0,0
ENCHANTMENT_CURSE_OF_VANISHING_0,0,0,0,0
METEOR_SHARD,2700000,2200003,0,0
ENCHANTED_REDSTONE,231.4,210,0,0
ENCHANTMENT_COMPACT_2,0,0,0,0
ENCHANTMENT_COMPACT_3,0,0,0,0
DWARVEN_COMPACTOR,540226,468436,0,0
ENCHANTMENT_COMPACT_1,5755852.5,5194681.7,0,0
GREAT_WHITE_SHARK_TOOTH,2506014.1,2165917,0,0
ESSENCE_GOLD,1258.4,1173.3,0,0
ENCHANTMENT_PRISTINE_1,1299997.5,937032.2,0,0
ENCHANTMENT_BLAST_PROTECTION_4,0,0,0,0
ENCHANTMENT_COMPACT_6,0,0,0,0
ENCHANTMENT_PRISTINE_2,2999998.9,100004.7,0,0
ENCHANTMENT_BLAST_PROTECTION_3,0,0,0,0
ENCHANTMENT_COMPACT_7,0,0,0,0
RECOMBOBULATOR_3000,8544955.7,8370906.6,0,0
ENCHANTMENT_BLAST_PROTECTION_6,1416.4,2,0,0
ENCHANTMENT_COMPACT_4,0,0,0,0
ENCHANTMENT_COMPACT_5,0,0,0,0
ENCHANTMENT_BLAST_PROTECTION_5,0,0,0,0
ENCHANTMENT_PRISTINE_5,19570998.8,15710001,0,0
ENCHANTMENT_PRISTINE_3,6199998.3,3600001,0,0
ENCHANTMENT_BLAST_PROTECTION_2,0,0,0,0
ENCHANTMENT_COMPACT_8,0,0,0,0
ENCHANTMENT_PRISTINE_4,12000000.3,8000000.2,0,0
ENCHANTMENT_BLAST_PROTECTION_1,0,0,0,0
ENCHANTMENT_COMPACT_9,0,0,0,0
ENCHANTMENT_FEROCIOUS_MANA_10,74999999.7,20000005.2,0,0
PET_ITEM_LUCKY_CLOVER_DROP,3308425.3,2750005.1,0,0
NECROMANCER_BROOCH,53226.6,34197,0,0
ENCHANTED_PORK,4622.9,4115.4,0,0
BURROWING_SPORES,3222213.2,2916111.8,0,0
DEEP_SEA_ORB,6386999.4,4208840,0,0
ROUGH_JASPER_GEM,10.4,6.6,0,0
FEATHER,2.8,0.7,0,0
PETRIFIED_STARFALL,2999999.6,776001.3,0,0
MAGIC_TOP_HAT,23612944.6,14363875.8,0,0
ENCHANTED_RED_SAND,8983.7,7946.1,0,0
ENCHANTED_CLOWNFISH,3174,3098.2,0,0
REFINED_UMBER,2848738.5,2754945.4,0,0
PITCHIN_KOI,30000,12911.3,0,0
ENCHANTED_GOLD,666.5,601.6,0,0
ENCHANTMENT_LIFE_STEAL_1,0,0,0,0
ENCHANTMENT_LIFE_STEAL_2,0,0,0,0
ENCHANTMENT_SMELTING_TOUCH_1,0,0,0,0
ROUGH_CITRINE_GEM,3.2,1.9,0,0
ENCHANTMENT_LIFE_STEAL_5,16999997.7,12693648.5,0,0
ENCHANTMENT_LIFE_STEAL_3,0,0,0,0
ENCHANTMENT_LIFE_STEAL_4,138094.5,20004,0,0
ENCHANTMENT_PISCARY_1,0,0,0,0
GOLDEN_PLATE,1780495.5,1632516.4,0,0
SADAN_BROOCH,329196.2,78077.5,0,0
ENCHANTMENT_TURBO_MUSHROOMS_5,59999.7,10000,0,0
FIFTH_MASTER_STAR,85678377.6,81404338,0,0
ENCHANTMENT_PISCARY_3,0,0,0,0
ENCHANTMENT_PISCARY_2,0,0,0,0
ENCHANTED_GLOWSTONE_DUST,2160,1928.4,0,0
BLUE_ICE_HUNK,213589.4,183512.6,0,0
ENCHANTMENT_PISCARY_5,0,0,0,0
ENCHANTMENT_PISCARY_4,0,0,0,0
ENCHANTMENT_PISCARY_6,6179887.3,4047868.6,0,0
ENCHANTMENT_TABASCO_1,0,0,0,0
ENCHANTMENT_TABASCO_3,3231819.3,2061592.8,0,0
ENCHANTMENT_PUNCH_1,0,0,0,0
TRANSMISSION_TUNER,72111,49349.7,0,0
ENCHANTED_SUGAR_CANE,120850.5,112197.4,0,0
ENCHANTMENT_TABASCO_2,1750000,737500.7,0,0
ENCHANTMENT_PUNCH_2,0,0,0,0
ENCHANTMENT_TURBO_MUSHROOMS_2,5321.5,25.1,0,0
ENCHANTMENT_TURBO_MUSHROOMS_1,385.2,1,0,0
ENCHANTMENT_TURBO_MUSHROOMS_4,119998.2,1000.1,0,0
CONCENTRATED_STONE,1773190.8,1561170.6,0,0
ENCHANTMENT_TURBO_MUSHROOMS_3,85621,25.2,0,0
ENCHANTMENT_MANA_VAMPIRE_2,249998.8,76001.2,0,0
ENCHANTMENT_MANA_VAMPIRE_1,392679.1,104003.5,0,0
ENCHANTMENT_MANA_VAMPIRE_4,1004679.8,480000,0,0
ENCHANTMENT_MANA_VAMPIRE_3,446747,205000.1,0,0
ENCHANTMENT_MANA_VAMPIRE_6,5295997.3,20000.5,0,0
SHARK_WATER_ORB,4825969.4,3200002,0,0
ENCHANTMENT_MANA_VAMPIRE_5,1937389,1463939.6,0,0
ENCHANTMENT_MANA_VAMPIRE_8,20000000,600000.5,0,0
ENCHANTMENT_MANA_VAMPIRE_7,10999999,2419403,0,0
GHAST_TEAR,146.5,84.3,0,0
ENCHANTMENT_MANA_VAMPIRE_9,35000000,4125007.5,0,0
UNSTABLE_FRAGMENT,8217.1,7132.8,0,0
MAGMA_CREAM_DISTILLATE,5553.9,4606.2,0,0
CORLEONITE,495881.3,454322.6,0,0
ENCHANTED_EMERALD_BLOCK,159997.8,154000.1,0,0
SUBZERO_INVERTER,925046.6,250500,0,0
GIANT_TOOTH,399769.8,216744.1,0,0
ENCHANTMENT_PIERCING_1,0,0,0,0
ENCHANTMENT_ULTIMATE_THE_ONE_5,169999999.9,6500000.8,0,0
SLEEPY_HOLLOW,6314619.9,5223380.4,0,0
ENCHANTED_MUTTON,5397.2,5217,0,0
ENCHANTMENT_TITAN_KILLER_7,28173194.1,8058662.7,0,0
ENCHANTMENT_TITAN_KILLER_6,27161.5,1622.2,0,0
NULL_SPHERE,7.3,7,0,0
ENCHANTMENT_TITAN_KILLER_5,0,0,0,0
ENCHANTMENT_TITAN_KILLER_4,0,0,0,0
ENCHANTMENT_TITAN_KILLER_3,0,0,0,0
ENCHANTMENT_TITAN_KILLER_2,0,0,0,0
ENCHANTMENT_TITAN_KILLER_1,0,0,0,0
STOCK_OF_STONKS,5099995.1,5018549.6,0,0
SUPERIOR_FRAGMENT,129745.2,125981.1,0,0
MAGMA_BUCKET,5399228.6,4969700.6,0,0
ENCHANTMENT_ULTIMATE_THE_ONE_4,54577020.5,48442877,0,0
ENCHANTMENT_POWER_1,0,0,0,0
HOT_BAIT,494.3,245.8,0,0
NULL_BLADE,51818606.8,47830069.9,0,0
ENCHANTMENT_POWER_7,213999999.9,199750003.3,0,0
ENCHANTMENT_POWER_6,277523.3,75271.9,0,0
ENCHANTMENT_ANGLER_1,0,0,0,0
ENCHANTMENT_ANGLER_2,0,0,0,0
WORM_MEMBRANE,42631.1,42165.7,0,0
GLACITE_SHARD,5700,751.2,0,0
ENCHANTMENT_ANGLER_3,0,0,0,0
ENCHANTMENT_ANGLER_4,0,0,0,0
ENCHANTMENT_POWER_3,0,0,0,0
BLACK_WOOLEN_YARN,11989997.7,10400006.3,0,0
ENCHANTMENT_POWER_2,0,0,0,0
ENCHANTMENT_ANGLER_5,0,0,0,0
ENCHANTMENT_ANGLER_6,139.8,1.1,0,0
ENCHANTMENT_POWER_5,0,0,0,0
ENCHANTMENT_POWER_4,0,0,0,0
WATER_LILY,9.2,2.7,0,0
ENCHANTMENT_THORNS_3,0,0,0,0
BOB_OMB,6097.9,4671.9,0,0
LOG_2,15.5,9.3,0,0
MITHRIL_INFUSION,7351983.8,6131821.6,0,0
COAL,3.9,2.2,0,0
ENCHANTMENT_ULTIMATE_BOBBIN_TIME_3,24488979.9,15474450.6,0,0
ENCHANTMENT_ULTIMATE_BOBBIN_TIME_4,48517938.1,555000.9,0,0
ENCHANTMENT_ULTIMATE_BOBBIN_TIME_5,93599998.4,7530012.2,0,0
ENCHANTMENT_THORNS_1,0,0,0,0
ENCHANTMENT_THORNS_2,0,0,0,0
GOLDEN_BOUNTY,208999997.5,127500001.5,0,0
ENCHANTMENT_VAMPIRISM_5,0,0,0,0
ENCHANTED_PRISMARINE_CRYSTALS,398.3,360.5,0,0
GOBLIN_EGG,2143.7,1681.4,0,0
PERFECT_TOPAZ_GEM,11999995.4,11681065.5,0,0
ENCHANTMENT_VAMPIRISM_6,968456.1,650000.1,0,0
LIVID_FRAGMENT,88956.3,83089.7,0,0
ENCHANTMENT_VAMPIRISM_3,0,0,0,0
PLASMA,25033.2,19382.4,0,0
ENCHANTMENT_VAMPIRISM_4,0,0,0,0
ENCHANTED_WET_SPONGE,80952.6,78478.6,0,0
ENCHANTMENT_EXPERTISE_7,0,0,0,0
ENCHANTMENT_CULTIVATING_9,0,0,0,0
ENCHANTMENT_EXPERTISE_6,0,0,0,0
ENCHANTMENT_CULTIVATING_7,0,0,0,0
ENCHANTMENT_EXPERTISE_9,0,0,0,0
ENCHANTMENT_CULTIVATING_8,0,0,0,0
ENCHANTMENT_EXPERTISE_8,0,0,0,0
ENCHANTMENT_CULTIVATING_5,0,0,0,0
ENDER_STONE,49,32.4,0,0
ESSENCE_CRIMSON,1496.6,1458.6,0,0
PERFECT_PLATE,43025760.3,40600005.8,0,0
ENCHANTMENT_CULTIVATING_6,0,0,0,0
ENCHANTMENT_CULTIVATING_3,0,0,0,0
ENCHANTMENT_CULTIVATING_4,0,0,0,0
ENCHANTMENT_CULTIVATING_1,5699999.8,5297892.8,0,0
ENCHANTMENT_VAMPIRISM_1,0,0,0,0
ENCHANTMENT_CULTIVATING_2,0,0,0,0
ENCHANTMENT_VAMPIRISM_2,0,0,0,0
QUARTZ,34,17.8,0,0
JERRY_BOX_PURPLE,537728,490311.5,0,0
ENCHANTMENT_ULTIMATE_SOUL_EATER_1,995470.4,932746.2,0,0
SALMON_OPAL,1608,300.2,0,0
ENCHANTMENT_ULTIMATE_SOUL_EATER_3,4901994.6,283107.3,0,0
CHUM,2,0.3,0,0
ENCHANTMENT_ULTIMATE_SOUL_EATER_2,2093396.2,359995.2,0,0
ENCHANTMENT_ULTIMATE_SOUL_EATER_5,17403289.1,15716291.9,0,0
ENCHANTMENT_ULTIMATE_SOUL_EATER_4,9913155.2,7611692.1,0,0
MAGMA_CREAM,23.8,18.9,0,0
ENCHANTED_COMPOST,2808720.5,2694217,0,0
ENCHANTMENT_CHANCE_2,0,0,0,0
RED_GIFT,37962.1,36000.3,0,0
ENCHANTED_MITHRIL,1742.2,1628.9,0,0
ENCHANTMENT_CHANCE_1,0,0,0,0
ROUGH_PERIDOT_GEM,31.8,4.9,0,0
FEL_PEARL,923.7,390.6,0,0
ENCHANTMENT_CHANCE_5,19278276.5,16066381.6,0,0
ENCHANTED_FEATHER,471.7,441.3,0,0
ENCHANTMENT_CHANCE_4,9488.9,52.7,0,0
ENCHANTED_OAK_LOG,1269.8,1201.5,0,0
ENCHANTMENT_CHANCE_3,0,0,0,0
ENCHANTMENT_GREEN_THUMB_5,122549998,87400001.6,0,0
ENCHANTMENT_KNOCKBACK_2,0,0,0,0
FLAWLESS_AQUAMARINE_GEM,3999999.1,3200002.5,0,0
WHITE_GIFT,3696.8,2909,0,0
ENCHANTMENT_KNOCKBACK_1,0,0,0,0
ENCHANTMENT_GREEN_THUMB_1,6139151.1,5900002.2,0,0
ENCHANTMENT_ULTIMATE_FLASH_2,14936999.2,580015.5,0,0
ENCHANTMENT_ULTIMATE_FLASH_1,6999996.9,5415033.1,0,0
ENCHANTMENT_GREEN_THUMB_2,14036987.3,10676850.8,0,0
NETHER_STALK,4.9,1.8,0,0
ENCHANTMENT_GREEN_THUMB_3,28199998.8,18000000.4,0,0
ENCHANTMENT_ULTIMATE_FLASH_4,58099630.6,600009.9,0,0
ENCHANTMENT_GREEN_THUMB_4,55794399.3,29412522.8,0,0
ENCHANTMENT_ULTIMATE_FLASH_3,24999999.9,3117102.8,0,0
ENCHANTMENT_FIRST_STRIKE_1,0,0,0,0
HORSEMAN_CANDLE,879495.2,695002.7,0,0
RED_ROSE,11,2.4,0,0
ENCHANTMENT_FIRST_STRIKE_5,349999999.4,300000000.1,0,0
ENCHANTMENT_ULTIMATE_FLASH_5,108999999.9,80000000,0,0
ENCHANTMENT_FIRST_STRIKE_4,0,0,0,0
ENCHANTMENT_FIRST_STRIKE_3,0,0,0,0
ENCHANTMENT_FIRST_STRIKE_2,0,0,0,0
GOLDEN_BALL,1399998.3,1000000.1,0,0
ENCHANTMENT_TURBO_PUMPKIN_1,70992.6,30913.8,0,0
WRIGGLING_LARVA,1711771.3,1532760.3,0,0
ENCHANTMENT_TURBO_PUMPKIN_2,189999.4,38001,0,0
ENCHANTMENT_TURBO_PUMPKIN_3,467728.6,120000.2,0,0
ENCHANTMENT_TURBO_PUMPKIN_4,1160987.6,275000.8,0,0
ENCHANTMENT_TURBO_PUMPKIN_5,1480998,810002.6,0,0
EMPTY_CHUM_BUCKET,12282.3,7654.5,0,0
LEATHER,104.5,82.2,0,0
GIANT_FRAGMENT_BOULDER,2667.4,533.4,0,0
MAGMA_FISH,262.6,230.8,0,0
SOUL_STRING,4930.9,4887.6,0,0
ENCHANTMENT_EXPERTISE_3,0,0,0,0
ENCHANTMENT_EXPERTISE_2,0,0,0,0
ENCHANTMENT_EXPERTISE_5,0,0,0,0
ENCHANTMENT_EXPERTISE_4,0,0,0,0
ENCHANTED_BREAD,564.2,417.9,0,0
FUMING_POTATO_BOOK,1199991.3,1166553.3,0,0
ENCHANTMENT_EXPERTISE_1,5999999.2,4545004.6,0,0
ENCHANTMENT_ULTIMATE_FATAL_TEMPO_5,0,1050002.4,0,0
ENCHANTMENT_ULTIMATE_FATAL_TEMPO_3,298999998.9,11101907.9,0,0
ENCHANTMENT_BLESSING_2,0,0,0,0
ENCHANTMENT_DEPTH_STRIDER_2,0,0,0,0
FLAWED_SAPPHIRE_GEM,283.1,266.3,0,0
SULPHUR_ORE,10,5.4,0,0
ENCHANTMENT_ULTIMATE_FATAL_TEMPO_4,0,2000006.8,0,0
ENCHANTMENT_BLESSING_3,0,0,0,0
ENCHANTMENT_DEPTH_STRIDER_3,0,0,0,0
ENCHANTMENT_ULTIMATE_FATAL_TEMPO_1,41743061.9,38000001,0,0
ENCHANTMENT_ULTIMATE_FATAL_TEMPO_2,144444443.6,100000.7,0,0
ENCHANTMENT_BLESSING_1,0,0,0,0
ENCHANTMENT_BLESSING_6,1189999.2,801919,0,0
PERFECT_SAPPHIRE_GEM,13478980.4,12700000.1,0,0
ENCHANTMENT_BLESSING_4,0,0,0,0
SNOW_BLOCK,9.8,1.9,0,0
ENCHANTMENT_BLESSING_5,0,0,0,0
ENCHANTED_BAKED_POTATO,82702.9,79987.8,0,0
AGARIMOO_TONGUE,9700,8890.5,0,0
COMPACTOR,11500,3994.8,0,0
FROZEN_BAUBLE,7740099.7,0,0,0
MANDRAA,3054687.6,2408477.3,0,0
ENCHANTMENT_DEPTH_STRIDER_1,0,0,0,0
SPOOKY_SHARD,156996.3,113002,0,0
ENCHANTMENT_CHAMPION_1,5719121.2,5234872.9,0,0
ENCHANTMENT_CHAMPION_3,0,0,0,0
ENCHANTMENT_CHAMPION_2,0,0,0,0
ENCHANTMENT_CHAMPION_5,0,0,0,0
ENCHANTED_LUSH_BERBERIS,25585.6,22005.3,0,0
ENCHANTED_POTATO,521.4,493.3,0,0
ENCHANTMENT_CHAMPION_4,0,0,0,0
RADIOACTIVE_VIAL,184999999.7,165000000,0,0
ENCHANTMENT_CHAMPION_7,0,0,0,0
ENCHANTED_SLIME_BALL,2899.3,2822.4,0,0
ENCHANTMENT_CHAMPION_6,0,0,0,0
ENCHANTMENT_CHAMPION_9,0,0,0,0
ENCHANTMENT_CHAMPION_8,0,0,0,0
BULKY_STONE,4837059.4,4142426.5,0,0
ENCHANTMENT_SNIPE_3,0,0,0,0
ENCHANTED_RED_MUSHROOM,1581.8,1531.3,0,0
ENCHANTMENT_SNIPE_2,0,0,0,0
ENCHANTMENT_SNIPE_1,0,0,0,0
ENCHANTMENT_RESPIRATION_3,0,0,0,0
ENCHANTMENT_ULTIMATE_ONE_FOR_ALL_0,0,0,0,0
ENCHANTMENT_ULTIMATE_ONE_FOR_ALL_1,1893295.4,1512643.8,0,0
ENCHANTMENT_SNIPE_4,132999992.4,115726827.6,0,0
TUNGSTEN_KEY,3035351,2800001.6,0,0
FINE_CITRINE_GEM,25604.3,24553.5,0,0
GREAT_WHITE_TOOTH_MEAL,11989997,8063492.1,0,0
ENCHANTMENT_RESPIRATION_1,0,0,0,0
ENCHANTMENT_RESPIRATION_2,0,0,0,0
BOOKWORM_BOOK,25209.6,7780.5,0,0
FULL_JAW_FANGING_KIT,3999999.6,709435.7,0,0
ENCHANTED_CAKE,32885.1,15826.7,0,0
PUMPKIN,10.3,7.7,0,0
NURSE_SHARK_TOOTH,29586.5,18424.3,0,0
WHEAT,6.5,5.5,0,0
ENCHANTMENT_REFLECTION_5,6237014,4361945.7,0,0
ENCHANTMENT_REFLECTION_4,5409999.1,100001,0,0
ENCHANTMENT_ULTIMATE_BANK_5,29998.5,5600.8,0,0
ENCHANTMENT_ULTIMATE_BANK_2,319.5,0,0,0
ENCHANTMENT_ULTIMATE_LEGION_1,1971503.6,1934218.7,0,0
ENCHANTMENT_ULTIMATE_BANK_1,121.5,57.1,0,0
ENCHANTMENT_ULTIMATE_LEGION_2,4556324.1,3175252.2,0,0
ENCHANTED_SPIDER_EYE,1904.3,1850.1,0,0
ENCHANTMENT_ULTIMATE_BANK_4,9999.2,200.1,0,0
ENCHANTMENT_ULTIMATE_BANK_3,1154.1,1,0,0
ENCHANTMENT_ULTIMATE_LEGION_5,33477227.1,30000000.5,0,0
ENCHANTMENT_REFLECTION_1,344488.2,275007.5,0,0
ENCHANTMENT_ULTIMATE_LEGION_3,9432364.9,7600001.6,0,0
ENCHANTMENT_REFLECTION_3,0,720010.4,0,0
ENCHANTMENT_REFLECTION_2,1272844.8,318943.5,0,0
ENCHANTMENT_ULTIMATE_LEGION_4,18869999.2,13933506.7,0,0
RAW_SOULFLOW,3949.8,300.3,0,0
ENCHANTMENT_TRIPLE_STRIKE_1,0,0,0,0
ENCHANTMENT_TRIPLE_STRIKE_3,0,0,0,0
ENCHANTMENT_TRIPLE_STRIKE_2,0,0,0,0
ENCHANTMENT_PROSPERITY_1,1939141.3,1400519.8,0,0
RAW_FISH,44.5,31.9,0,0
ENCHANTMENT_PROSPERITY_3,11990000,500015.8,0,0
YOGGIE,349.5,80.5,0,0
ENCHANTMENT_PROSPERITY_2,5000000,2000000.5,0,0
ICE_HUNK,0.8,0,0,0
PERFECT_JASPER_GEM,32469956.5,31458755.7,0,0
ENCHANTMENT_PROSPERITY_5,34261047.1,14062450,0,0
ENCHANTMENT_HECATOMB_10,0,0,0,0
ENCHANTMENT_PROSPERITY_4,27010997.1,150002.6,0,0
CONTROL_SWITCH,186491.3,170020.8,0,0
ENCHANTMENT_COUNTER_STRIKE_3,0,55126.3,0,0
DIAMOND_SPREADING,5997.5,2784.3,0,0
ENCHANTMENT_COUNTER_STRIKE_4,0,551251.6,0,0
ENCHANTMENT_COUNTER_STRIKE_5,83999996.9,61205005.1,0,0
TIGHTLY_TIED_HAY_BALE,1119110.6,1097155.5,0,0
NETHER_STALK_DISTILLATE,5106.7,4604.9,0,0
DARK_CANDY,150999.5,130002.1,0,0
DIVER_FRAGMENT,447136.3,371011.5,0,0
ENCHANTMENT_WITHER_HUNTER_0,0,0,0,0
ENCHANTMENT_SPIKED_HOOK_5,0,0,0,0
ENCHANTMENT_SPIKED_HOOK_6,31.8,0,0,0
ENCHANTMENT_SPIKED_HOOK_3,0,0,0,0
ENCHANTMENT_SPIKED_HOOK_4,0,0,0,0
ESSENCE_DIAMOND,477.2,448.8,0,0
ENCHANTMENT_LETHALITY_1,0,0,0,0
ENCHANTMENT_LETHALITY_2,0,0,0,0
ENCHANTMENT_LETHALITY_3,0,0,0,0
ENCHANTMENT_LETHALITY_4,0,0,0,0
ENCHANTMENT_LETHALITY_5,0,0,0,0
ENCHANTMENT_LETHALITY_6,73997.2,35449.8,0,0
GLACITE,58.8,54.2,0,0
PLANT_MATTER,2479.9,711.6,0,0
ENCHANTMENT_CLEAVE_2,0,0,0,0
ENCHANTMENT_CLEAVE_1,0,0,0,0
BLOOD_STAINED_COINS,7099997.3,4518574.1,0,0
HUGE_MUSHROOM_1,361.9,26.9,0,0
ENCHANTMENT_REJUVENATE_1,26947.6,24305,0,0
ENCHANTMENT_CLEAVE_4,0,0,0,0
HUGE_MUSHROOM_2,481.9,11.1,0,0
ENCHANTMENT_CLEAVE_3,0,0,0,0
ENCHANTMENT_CLEAVE_6,29440446,24404508.5,0,0
ENCHANTMENT_CLEAVE_5,0,0,0,0
ENCHANTMENT_REJUVENATE_5,543863.7,488638.8,0,0
ENCHANTMENT_VICIOUS_3,33649994.8,26000016.8,0,0
ENCHANTMENT_REJUVENATE_4,389868.6,208087,0,0
ENCHANTMENT_VICIOUS_4,0,5000000.8,0,0
ENCHANTMENT_REJUVENATE_3,108000.2,90010.7,0,0
ENCHANTMENT_VICIOUS_5,114999995.6,101334459.3,0,0
ENCHANTMENT_REJUVENATE_2,49178,43745.7,0,0
STRING,14.7,11.9,0,0
CRUDE_GABAGOOL,770,4.5,0,0
DRAGON_SCALE,15420.9,821.6,0,0
ENCHANTMENT_SPIKED_HOOK_1,0,0,0,0
ENCHANTMENT_SPIKED_HOOK_2,0,0,0,0
ENCHANTED_CACTUS_GREEN,826.3,772.9,0,0
FRIGID_HUSK,18999999.5,5000001.4,0,0
POISON_SAMPLE,1208546.1,1097040,0,0
BOOSTER_COOKIE,11619108.6,11454541.6,0,0
ENCHANTED_COOKIE,76941.2,72748.5,0,0
AMALGAMATED_CRIMSONITE_NEW,133805.5,109002.9,0,0
STRONG_FRAGMENT,16498.4,15007.7,0,0
MYCEL,92.2,47.7,0,0
AUTO_SMELTER,3802,221.7,0,0
WOOL,0.7,0.3,0,0
ENCHANTMENT_TURBO_CARROT_2,64999.6,211,0,0
ENCHANTMENT_TURBO_CARROT_1,30374.1,3000.8,0,0
ENCHANTMENT_ULTIMATE_REFRIGERATE_5,31373998.4,24118213.4,0,0
ENCHANTMENT_GIANT_KILLER_4,0,0,0,0
WHIPPED_MAGMA_CREAM,217679.9,197913.5,0,0
ENCHANTMENT_GIANT_KILLER_5,0,0,0,0
ENCHANTMENT_GIANT_KILLER_2,0,0,0,0
DRAGON_HORN,4604804.1,4300000.3,0,0
PERFECT_AMBER_GEM,11931765.1,11509369.3,0,0
ENCHANTMENT_GIANT_KILLER_3,0,0,0,0
ENCHANTMENT_GIANT_KILLER_6,1299530.7,117202.5,0,0
FLINT,36.4,31.2,0,0
ENCHANTMENT_GIANT_KILLER_7,156952897.5,156528975.1,0,0
ENCHANTMENT_TRIPLE_STRIKE_5,104999999.8,86155414.1,0,0
MAGMA_CORE,2097093.2,1946991.8,0,0
ENCHANTED_SPRUCE_LOG,1549,1329.6,0,0
HARDENED_WOOD,41008.1,5103.8,0,0
TUNGSTEN,85.9,76.6,0,0
ENCHANTMENT_TRIPLE_STRIKE_4,0,0,0,0
ENCHANTMENT_ULTIMATE_INFERNO_1,7309997.1,6500003.2,0,0
ENCHANTMENT_ULTIMATE_REFRIGERATE_1,1849999.4,1485581.4,0,0
ENCHANTMENT_ULTIMATE_INFERNO_3,66666664.4,1000999.3,0,0
ENCHANTED_QUARTZ_BLOCK,624453.3,583794.7,0,0
HEAVY_GABAGOOL,430000,410835.6,0,0
ENCHANTMENT_ULTIMATE_REFRIGERATE_2,5517055,2131378.5,0,0
ENCHANTMENT_ULTIMATE_INFERNO_2,245846425.8,1400003.8,0,0
ENCHANTMENT_ULTIMATE_REFRIGERATE_3,11540720.9,2007254.4,0,0
ENCHANTMENT_ULTIMATE_INFERNO_5,253000000,20100000.8,0,0
MIXED_MITE_GEL,198998.3,106850.3,0,0
ENCHANTMENT_ULTIMATE_INFERNO_4,0,1100003.7,0,0
ENCHANTMENT_ULTIMATE_REFRIGERATE_4,23999998,3700007.1,0,0
GREEN_CANDY,2152,2150.5,0,0
ECCENTRIC_PAINTING,34979999.3,31405361.3,0,0
REAPER_PEPPER,46799998.6,41334573.3,0,0
ENCHANTMENT_AQUA_AFFINITY_1,0,0,0,0
GRAVEL,1.6,0,0,0
ENCHANTED_PACKED_ICE,74999.7,66389.1,0,0
ENCHANTED_PRISMARINE_SHARD,406.4,349.7,0,0
SPIRIT_DECOY,999999.5,850002.4,0,0
ENCHANTMENT_TURBO_CARROT_4,429172.7,10000.5,0,0
ENCHANTMENT_TURBO_CARROT_3,199999.7,102,0,0
HYPERGOLIC_GABAGOOL,5200000,4762680.5,0,0
ENCHANTED_CARROT_STICK,49999.5,5495.2,0,0
ENCHANTMENT_TURBO_CARROT_5,539999.8,233365.3,0,0
ENCHANTMENT_TURBO_CANE_4,999999.8,10000.5,0,0
DRILL_ENGINE,4612525.7,4275277.3,0,0
ENCHANTMENT_TURBO_CANE_3,999999.8,1345.7,0,0
ENCHANTMENT_TURBO_CANE_2,100000,18.3,0,0
ENCHANTMENT_TURBO_CANE_1,24484.3,277.5,0,0
ENCHANTMENT_TURBO_CANE_5,251246.1,60000.1,0,0
PERFECT_CITRINE_GEM,28617786.5,16177872.5,0,0
BOX_OF_SEEDS,77690.7,75103.3,0,0
VITAMIN_DEATH,74199.1,9237.3,0,0
THIRD_MASTER_STAR,52868032.7,49459954.8,0,0
XLARGE_ENCHANTED_CHEST,2849999.6,2477521.3,0,0
PET_ITEM_TIER_BOOST_DROP,110297302.8,96974380.8,0,0
NETHERRACK,0.4,0,0,0
COMPOST,16892.8,16367.9,0,0
DARK_QUEENS_SOUL_DROP,4778.6,3339.6,0,0
FERMENTO,276350.5,246877,0,0
CANDY_CORN,650,2.3,0,0
MIDAS_JEWEL,29999.7,501.2,0,0
ASCENSION_ROPE,98.6,65.3,0,0
PREMIUM_FLESH,99.5,0,0,0
SQUASH,74997.2,73182.8,0,0
ROUGH_AMETHYST_GEM,2.3,1.4,0,0
FLAWLESS_RUBY_GEM,1518312.7,1431197.3,0,0
NULL_ATOM,36941.2,30588.5,0,0
BLESSED_BAIT,352.9,205,0,0
PURE_MITHRIL,4510098.6,1300000,0,0
ROCK_CANDY,119438.8,50555.9,0,0
GLACITE_AMALGAMATION,3822713,3661688.2,0,0
ENCHANTMENT_FORTUNE_1,0,0,0,0
ENCHANTMENT_FORTUNE_2,0,0,0,0
LOG,7.8,4.1,0,0
ENCHANTMENT_FORTUNE_3,0,0,0,0
ENCHANTMENT_FORTUNE_4,170679.1,117613.7,0,0
SEARING_STONE,899995.3,500005.4,0,0
ENCHANTMENT_FLAME_2,0,0,0,0
ENCHANTMENT_FLAME_1,0,0,0,0
ROUGH_JADE_GEM,2.4,1.3,0,0
ENCHANTED_JUNGLE_LOG,1832.5,1674.5,0,0
WOOD_SINGULARITY,4999999.8,4412897,0,0
IRON_INGOT,13.1,7.6,0,0
GEMSTONE_MIXTURE,1529926.1,1376624,0,0
ENCHANTMENT_DIVINE_GIFT_3,0,0,0,0
ENCHANTMENT_DIVINE_GIFT_2,0,0,0,0
ENCHANTMENT_DIVINE_GIFT_1,25899999.4,20654226.5,0,0
SPIRIT_BONE,4431997.3,4117549.9,0,0
ROUGH_SAPPHIRE_GEM,2.1,1.5,0,0
MITE_GEL,2022.9,1914.2,0,0
REVENANT_VISCERA,84451.2,81331.9,0,0
ENCHANTMENT_GIANT_KILLER_1,0,0,0,0
TARANTULA_SILK,253408.8,250408.9,0,0
TITANIC_EXP_BOTTLE,504022.7,491109.2,0,0
ENCHANTMENT_FRAIL_2,0,0,0,0
ENCHANTMENT_FRAIL_1,0,0,0,0
ENCHANTMENT_FRAIL_4,0,0,0,0
SUPER_EGG,647763.7,607174.4,0,0
SUPER_COMPACTOR_3000,396778.4,368000.5,0,0
ENCHANTMENT_FRAIL_3,0,0,0,0
ENCHANTMENT_FRAIL_6,1000,0,0,0
ENCHANTMENT_FRAIL_5,0,0,0,0
MITHRIL_ORE,11,7.1,0,0
ENCHANTED_PAPER,1250.2,914.7,0,0
HOT_STUFF,348698.6,125000.6,0,0
FLAWED_AQUAMARINE_GEM,626,423.3,0,0
WORM_BAIT,2722.4,2500.1,0,0
SUSPICIOUS_VIAL,31568.7,703,0,0
DIRT_BOTTLE,0,0,0,0
ARACHNE_FANG,269999.1,186225.4,0,0
ROUGH_TOPAZ_GEM,2.7,1.5,0,0
ENCHANTED_OBSIDIAN,3067.9,3000.3,0,0
ROUGH_OPAL_GEM,6.7,3,0,0
ENCHANTMENT_EFFICIENCY_10,0,0,0,0
WEREWOLF_SKIN,15784.7,12697.9,0,0
ENCHANTMENT_SYPHON_3,0,0,0,0
ENCHANTMENT_SYPHON_2,0,0,0,0
ENCHANTMENT_SYPHON_5,76467738.2,70000002,0,0
ENCHANTMENT_SYPHON_4,303998.8,211744.5,0,0
ENCHANTED_RED_SAND_CUBE,263419.5,240000.1,0,0
ENCHANTMENT_EXECUTE_6,51269709.4,45000002.9,0,0
ENCHANTED_RAW_FISH,1021.9,936.8,0,0
BERBERIS_FUEL_INJECTOR,3059104.5,2717508.9,0,0
ENCHANTMENT_INFINITE_QUIVER_10,246263.8,50000.8,0,0
ENCHANTMENT_EXECUTE_3,0,0,0,0
ENCHANTMENT_EXECUTE_2,0,0,0,0
ENCHANTMENT_SYPHON_1,0,0,0,0
ENCHANTMENT_EXECUTE_5,0,0,0,0
ENCHANTMENT_EXECUTE_4,0,0,0,0
ENCHANTMENT_LOOTING_4,50551.9,1618,0,0
ENCHANTMENT_SMITE_7,13999996.1,12000001.1,0,0
ENCHANTMENT_SCAVENGER_3,0,0,0,0
ENCHANTMENT_SCAVENGER_4,1438.6,0,0,0
ENCHANTMENT_LOOTING_3,0,0,0,0
ENCHANTMENT_EXECUTE_1,0,0,0,0
ENCHANTMENT_LOOTING_2,0,0,0,0
ENCHANTMENT_SCAVENGER_1,0,0,0,0
FUEL_GABAGOOL,24998.1,6068.4,0,0
ENCHANTMENT_LOOTING_1,0,0,0,0
ENCHANTMENT_SCAVENGER_2,0,0,0,0
ENCHANTMENT_CUBISM_2,0,0,0,0
ENCHANTMENT_CUBISM_3,0,0,0,0
ENCHANTMENT_SCAVENGER_5,15429995.7,13346582.6,0,0
ENCHANTMENT_CUBISM_1,0,0,0,0
SHARK_BAIT,59.7,16.9,0,0
JUNGLE_KEY,142997.6,128744.1,0,0
ENCHANTMENT_LOOTING_5,301999999.9,288000001,0,0
JERRY_BOX_BLUE,196099.2,161010.4,0,0
FLAWED_CITRINE_GEM,358.7,277.2,0,0
ENCHANTED_SLIME_BLOCK,127520.3,125475.3,0,0
SCORCHED_BOOKS,498999.9,326139.3,0,0
ENCHANTMENT_CUBISM_6,89019997.9,80200009.1,0,0
FINE_SAPPHIRE_GEM,23997.7,21912,0,0
SULPHUR,26.3,15.7,0,0
ENCHANTMENT_SMITE_1,0,0,0,0
ENCHANTMENT_CUBISM_4,0,0,0,0
ENCHANTMENT_SMITE_2,0,0,0,0
ENCHANTMENT_CUBISM_5,0,0,0,0
GOLDEN_POWDER,14522.9,10406.9,0,0
ENCHANTMENT_SMITE_3,0,0,0,0
ENCHANTMENT_EXPERTISE_10,0,0,0,0
ENCHANTMENT_SMITE_4,0,0,0,0
ENCHANTED_CARROT,523.9,520.3,0,0
ENCHANTMENT_SMITE_5,0,0,0,0
ENCHANTMENT_SMITE_6,1296.2,0,0,0
FINE_AQUAMARINE_GEM,52499.9,44001.2,0,0
ROTTEN_FLESH,5.8,3.1,0,0
FINE_PERIDOT_GEM,48011.6,46014.1,0,0
ENCHANTMENT_HECATOMB_2,0,0,0,0
ENCHANTMENT_HECATOMB_3,0,0,0,0
ENCHANTMENT_HECATOMB_1,8395438.4,7534795.1,0,0
ENCHANTMENT_HECATOMB_6,0,0,0,0
ENCHANTMENT_HECATOMB_7,0,0,0,0
ENCHANTMENT_HECATOMB_4,0,0,0,0
DUNGEON_CHEST_KEY,127167.2,110883.5,0,0
ENCHANTMENT_HECATOMB_5,0,0,0,0
ENCHANTMENT_HECATOMB_8,0,0,0,0
ENCHANTMENT_HECATOMB_9,0,0,0,0
GOLDEN_FRAGMENT,36998999.5,32992803.5,0,0
INFLATABLE_JERRY,0.8,0.2,0,0
FLAWED_TOPAZ_GEM,313.6,285.3,0,0
ENCHANTMENT_SUNDER_1,42319.3,23001.1,0,0
LAPIS_CRYSTAL,31.3,0,0,0
FINE_AMETHYST_GEM,24030.5,22104.9,0,0
ENCHANTMENT_TRANSYLVANIAN_5,999899.7,250000.5,0,0
SAND:1,89.9,40,0,0
ENCHANTED_RABBIT,666,579.8,0,0
MEDIUM_ENCHANTED_CHEST,13734.5,11425.6,0,0
SUPREME_CHOCOLATE_BAR,1141.8,759.2,0,0
TOXIC_ARROW_POISON,2054.5,1923.2,0,0
ENCHANTMENT_TRANSYLVANIAN_4,498997.8,195315.3,0,0
ENCHANTMENT_SUNDER_4,507997.9,110002.2,0,0
ENCHANTMENT_SUNDER_5,904110.5,511824,0,0
ENCHANTMENT_SUNDER_2,180699,7025.3,0,0
MUTANT_NETHER_STALK,102100,100343.4,0,0
ENCHANTMENT_SUNDER_3,0,51000.7,0,0
ENCHANTMENT_LUCK_6,14998.3,12.6,0,0
ENCHANTMENT_LUCK_7,28579484.6,25782830.9,0,0
ENCHANTMENT_SUNDER_6,2026815.3,1737756.3,0,0
ENCHANTMENT_LUCK_2,0,0,0,0
FLAWLESS_AMBER_GEM,1849994.5,1785191.3,0,0
REFINED_BOTTLE_OF_JYRRE,2153151.8,2000000,0,0
ENCHANTMENT_LUCK_3,0,0,0,0
ENCHANTED_BLAZE_POWDER,4010.1,3770.7,0,0
ENCHANTMENT_LUCK_4,0,0,0,0
ENCHANTMENT_LUCK_5,0,0,0,0
SUMMONING_EYE,1022223.4,996890.9,0,0
ENCHANTED_SULPHUR_CUBE,255112,251000,0,0
ENCHANTMENT_INFINITE_QUIVER_8,63008.8,200.2,0,0
ENCHANTMENT_INFINITE_QUIVER_9,124999.9,200.5,0,0
FISH_BAIT,204.7,143.2,0,0
ENCHANTMENT_INFINITE_QUIVER_6,0.2,0.1,0,0
ENCHANTMENT_INFINITE_QUIVER_7,0,1.2,0,0
ENCHANTMENT_LUCK_1,0,0,0,0
ENCHANTMENT_TURBO_POTATO_3,371000.4,24002,0,0
ENCHANTMENT_ULTIMATE_WISDOM_4,1932678.1,1213583.7,0,0
ENCHANTMENT_BANE_OF_ARTHROPODS_2,0,0,0,0
ENCHANTMENT_INFINITE_QUIVER_4,0,0,0,0
ENCHANTMENT_ULTIMATE_WISDOM_5,2960393.7,2804338.8,0,0
ENCHANTMENT_TURBO_POTATO_4,579417.4,83121.7,0,0
ENCHANTMENT_BANE_OF_ARTHROPODS_3,0,0,0,0
ENCHANTMENT_INFINITE_QUIVER_5,0,0,0,0
ENCHANTMENT_TURBO_POTATO_5,969999.6,468751.2,0,0
ENCHANTMENT_INFINITE_QUIVER_2,0,0,0,0
ENCHANTMENT_BANE_OF_ARTHROPODS_1,0,0,0,0
ENCHANTMENT_INFINITE_QUIVER_3,0,0,0,0
ENCHANTMENT_BANE_OF_ARTHROPODS_6,908.7,1,0,0
ENCHANTMENT_ULTIMATE_WISDOM_1,166414,162000,0,0
ENCHANTMENT_BANE_OF_ARTHROPODS_7,2896502.4,1697456.1,0,0
WINTER_WATER_ORB,11449997.5,6500003.4,0,0
ENCHANTMENT_INFINITE_QUIVER_1,0,0,0,0
ENCHANTMENT_TURBO_POTATO_1,33784.6,16395.5,0,0
ENCHANTMENT_ULTIMATE_WISDOM_2,353037.8,246252.2,0,0
ENCHANTMENT_BANE_OF_ARTHROPODS_4,0,0,0,0
ENCHANTMENT_ULTIMATE_WISDOM_3,864004.7,470176.3,0,0
ENCHANTMENT_TURBO_POTATO_2,104715,12502,0,0
ENCHANTMENT_BANE_OF_ARTHROPODS_5,0,0,0,0