Item Name,NPC Cost,Crafting Cost,Bazaar Buy Price,Bazaar Sell Price
INK_SACK:3,0,0,4.4,2.1
CORRUPTED_BAIT,0,0,5.2,0.8
INK_SACK:4,0,0,6.6,3.1
ENCHANTMENT_ULTIMATE_NO_PAIN_NO_GAIN_2,0,0,0.1,0
TARANTULA_WEB,0,0,528.5,489.2
ENCHANTMENT_ULTIMATE_NO_PAIN_NO_GAIN_1,0,0,33.4,0
DUNGEON_TRAP,0,0,1.3,0.1
DARK_ORB,0,0,212640.1,163314.8
ARCHITECT_FIRST_DRAFT,0,0,66318.8,45290.5
ENCHANTMENT_PROTECTION_7,0,0,45871634.9,41555111.5
ENCHANTMENT_PROTECTION_6,0,0,4351000,3876834
ESSENCE_DRAGON,0,0,3036.7,2942
RITUAL_RESIDUE,0,0,1983016.6,1821722.1
ENCHANTMENT_PROTECTION_1,0,0,0,0
GIANT_FRAGMENT_LASER,0,0,698926.9,660199.8
ENCHANTMENT_PROTECTION_5,0,0,0,0
ENCHANTED_MELON,0,0,317,310.9
ENCHANTMENT_PROTECTION_4,0,0,0,0
ENCHANTMENT_PROTECTION_3,0,0,0,0
ENCHANTMENT_PROTECTION_2,0,0,0,0
ENCHANTMENT_TURBO_COCO_1,0,0,26659.9,11921.3
ENCHANTMENT_TURBO_COCO_5,0,0,999998.7,452649.4
ENCHANTMENT_TURBO_COCO_4,0,0,618998.1,89851.8
ENCHANTMENT_TURBO_COCO_3,0,0,264384.3,45600.6
ENCHANTED_BLAZE_ROD,0,0,598325.4,579500.2
ENCHANTMENT_TURBO_COCO_2,0,0,76606.9,13926.2
ENCHANTED_BROWN_MUSHROOM,0,0,1608.5,1533.7
FRESHLY_MINTED_COINS,0,0,5428052.9,4780536.7
GOBLIN_EGG_YELLOW,0,0,5699.3,4567.3
PARTY_GIFT,0,0,286429.3,263162.9
ENCHANTED_GLISTERING_MELON,0,0,13685.5,4331.6
ENCHANTMENT_CORRUPTION_5,0,0,257666.4,15001.3
ENCHANTMENT_CORRUPTION_4,0,0,91124.8,0.6
PROTECTOR_FRAGMENT,0,0,8399,7000.1
ENCHANTMENT_CORRUPTION_3,0,0,80997.8,0
ENCHANTMENT_CORRUPTION_2,0,0,0,0
ENCHANTMENT_CORRUPTION_1,0,0,2.7,0
ROCK_GEMSTONE,0,0,2585520.1,1716902.7
ENCHANTED_MELON_BLOCK,0,0,50996.1,49909.5
CONDENSED_FERMENTO,0,0,2399484.5,2224585.2
BEADY_EYES,0,0,70.9,0
DIAMOND,0,0,7.5,6.3
COBBLESTONE,0,0,6.9,3.4
ENCHANTED_PUFFERFISH,0,0,2390.1,2303
PERFECT_RUBY_GEM,0,0,22499994.9,9005003.1
MINION_EXPANDER,0,0,91997.8,65511.9
END_STONE_SHULKER,0,0,19999,2823.2
ENCHANTMENT_CAYENNE_5,0,0,15499997.8,12157142.6
ENCHANTED_HARD_STONE,0,0,3579.3,2715.2
ENCHANTMENT_CAYENNE_4,0,0,8819188.3,4001000.3
ENDER_MONOCLE,0,0,9998.3,2359.4
WINTER_FRAGMENT,0,0,1102765.2,695654
KELVIN_INVERTER,0,0,103154.7,80473.7
REFINED_DIAMOND,0,0,758378.7,705001.3
HAZMAT_ENDERMAN,0,0,4757.7,778.4
FLAWED_OPAL_GEM,0,0,3325.9,479
LUXURIOUS_SPOOL,0,0,585,0.9
ENCHANTMENT_CAYENNE_3,0,0,0,0
PORK,0,0,52.7,38.4
ENCHANTMENT_CAYENNE_2,0,0,0,0
ENCHANTMENT_CAYENNE_1,0,0,0,0
ENCHANTMENT_ENDER_SLAYER_1,0,0,0,0
HONEY_JAR,0,0,1540.1,447.7
PET_CAKE,0,0,31378.9,12043.1
ULTIMATE_CARROT_CANDY,0,0,2813861.8,2670000.7
SOLAR_PANEL,0,0,520493.9,345000.5
ENCHANTMENT_FIRE_ASPECT_1,0,0,0,0
LOG_2:1,0,0,3.9,1.2
ENCHANTMENT_TURBO_CACTUS_5,0,0,639997,400000.8
UNDEAD_CATALYST,0,0,2895.6,1710.1
ENCHANTED_SNOW_BLOCK,0,0,587.9,572.4
ENCHANTMENT_TURBO_CACTUS_4,0,0,540999.6,10000.3
ENCHANTMENT_TURBO_CACTUS_3,0,0,270497.7,18276.1
ENCHANTMENT_TURBO_CACTUS_2,0,0,81216.8,2000.9
ENCHANTMENT_FIRE_ASPECT_2,0,0,0,0
ENCHANTMENT_FIRE_ASPECT_3,0,0,462015.7,279664
ENCHANTMENT_TURBO_CACTUS_1,0,0,27474.4,12856.9
ENCHANTMENT_ENDER_SLAYER_5,0,0,0,0
ENCHANTMENT_ENDER_SLAYER_4,0,0,0,0
ENCHANTMENT_ENDER_SLAYER_3,0,0,0,0
ENCHANTMENT_ENDER_SLAYER_2,0,0,0,0
ENCHANTMENT_ENDER_SLAYER_7,0,0,120999991.5,108650005.4
ENCHANTMENT_ENDER_SLAYER_6,0,0,1499999.9,1268226.9
ENCHANTMENT_SHARPNESS_1,0,0,0,0
DUNGEON_DECOY,0,0,47.8,2.3
REFINED_TUNGSTEN,0,0,2817746.5,2611051.1
ENCHANTMENT_SHARPNESS_5,0,0,0,0
JERRY_BOX_GOLDEN,0,0,1154235.3,1026475
ENCHANTMENT_SHARPNESS_4,0,0,0,0
ENCHANTMENT_SHARPNESS_3,0,0,0,0
ENCHANTMENT_SHARPNESS_2,0,0,0,0
ENCHANTMENT_BIG_BRAIN_4,0,0,73000000,525010.1
ENCHANTMENT_BIG_BRAIN_5,0,0,137999996.1,89550000.2
ENCHANTMENT_BIG_BRAIN_3,0,0,31631719.7,27555111.2
ENCHANTED_CARROT_ON_A_STICK,0,0,0,0
ENCHANTMENT_THUNDERLORD_7,0,0,7208017.4,6489996.7
ENCHANTMENT_THUNDERLORD_6,0,0,6389,1.1
ENCHANTMENT_TURBO_MELON_5,0,0,955993.9,560000.7
FLY_SWATTER,0,0,588309.2,506000.6
DERELICT_ASHE,0,0,792.1,601.5
ENCHANTMENT_THUNDERLORD_3,0,0,0,0
ENCHANTMENT_THUNDERLORD_2,0,0,0,0
ENCHANTMENT_SHARPNESS_7,0,0,114769996.6,101000007.8
ENCHANTMENT_THUNDERLORD_5,0,0,0,0
ENCHANTMENT_SHARPNESS_6,0,0,2049999.1,1800012.9
ENCHANTMENT_THUNDERLORD_4,0,0,0,0
ENCHANTED_ACACIA_LOG,0,0,2399.9,2238.7
ENCHANTMENT_MANA_STEAL_1,0,0,19986.1,10629.2
ENCHANTMENT_MANA_STEAL_2,0,0,99999.3,20000.1
ENCHANTMENT_THUNDERLORD_1,0,0,0,0
ENCHANTMENT_MANA_STEAL_3,0,0,135985,44803.8
SAND,0,0,13.9,7.8
PLASMA_BUCKET,0,0,15555834.3,15158372.5
ENCHANTMENT_TURBO_MELON_3,0,0,403560.1,86678.9
ANCIENT_CLAW,0,0,199.8,147.8
ENCHANTMENT_STRONG_MANA_7,0,0,16201493.4,42000
ENCHANTMENT_TURBO_MELON_4,0,0,791645.9,5000.5
ENCHANTED_GHAST_TEAR,0,0,714.4,546.1
ENCHANTMENT_STRONG_MANA_6,0,0,6799994.9,696255.5
ENCHANTMENT_STRONG_MANA_5,0,0,3099999.7,2687881.6
ENCHANTMENT_TURBO_MELON_1,0,0,45064.2,24044.5
ENCHANTED_COCOA,0,0,615.8,600.4
ENCHANTMENT_TURBO_MELON_2,0,0,196996.9,15051
ENCHANTMENT_STRONG_MANA_4,0,0,1537002.6,1238540.8
ENCHANTMENT_STRONG_MANA_3,0,0,815110.8,615229.1
AMBER_MATERIAL,0,0,3399999.8,2168075.7
ENCHANTMENT_STRONG_MANA_2,0,0,328903.4,45001.4
ENCHANTMENT_STRONG_MANA_1,0,0,225427.5,140004.9
CARROT_BAIT,0,0,161.7,55.7
FINE_TOPAZ_GEM,0,0,25007.8,23152.9
FINE_RUBY_GEM,0,0,19122.5,18434.5
HYPERGOLIC_IONIZED_CERAMICS,0,0,3561.4,2250.5
HAY_BLOCK,0,0,60,50
ENCHANTED_ROTTEN_FLESH,0,0,825.8,755.3
ENCHANTED_GRILLED_PORK,0,0,131141.6,128238.1
WISHING_COMPASS,0,0,3,0.2
ENCHANTED_ANCIENT_CLAW,0,0,3499.1,1050.3
ENCHANTMENT_HARDENED_MANA_1,0,0,39998.5,26001.7
FULL_CHUM_BUCKET,0,0,14952.7,12000.1
ENCHANTMENT_HARDENED_MANA_3,0,0,136994.5,75001.5
OVERGROWN_GRASS,0,0,44175036.8,42119579.9
PUMPKIN_BOMB,0,0,7823.5,5854.3
ENCHANTMENT_HARDENED_MANA_2,0,0,74059.3,13627.4
ENCHANTMENT_ULTIMATE_COMBO_1,0,0,229.8,0.1
SOULFLOW_ENGINE,0,0,34997999.4,24244062.8
ENCHANTMENT_ULTIMATE_COMBO_2,0,0,998.5,0.7
ENCHANTMENT_ULTIMATE_COMBO_5,0,0,90409.4,8418
PET_ITEM_TOY_JERRY,0,0,49478.6,8218.9
ENCHANTMENT_ULTIMATE_COMBO_3,0,0,49997.1,10.2
ENCHANTED_LAVA_BUCKET,0,0,162028.5,153713.1
ENCHANTMENT_ULTIMATE_COMBO_4,0,0,49999.8,1204.4
BUBBA_BLISTER,0,0,518097.6,412000.2
RAW_FISH:3,0,0,14.1,10.1
ENCHANTED_UMBER,0,0,14558.9,12962
ENCHANTMENT_STRONG_MANA_9,0,0,58000000,75001
ENCHANTMENT_STRONG_MANA_8,0,0,28999998.6,800017.1
ROUGH_AQUAMARINE_GEM,0,0,8.7,3.5
DIAMOND_ATOM,0,0,7749.8,205.8
RAW_FISH:2,0,0,21.1,13
RAW_FISH:1,0,0,9.9,6.6
PRECURSOR_GEAR,0,0,510364.9,442416.3
GOBLIN_EGG_RED,0,0,8881.4,7842.1
ENCHANTMENT_TURBO_WARTS_1,0,0,2873.8,0.9
ENCHANTMENT_TURBO_WARTS_2,0,0,44999.1,0
ENCHANTMENT_TURBO_WARTS_3,0,0,57499.1,2.3
ENCHANTMENT_TURBO_WARTS_4,0,0,81000.8,20.6
ENCHANTMENT_TURBO_WARTS_5,0,0,89999.9,31000
WHALE_BAIT,0,0,3264,2464.2
SPONGE,0,0,91.1,25.3
ENCHANTED_DARK_OAK_LOG,0,0,896.8,767.3
FLAWLESS_TOPAZ_GEM,0,0,1995324.7,1912933.8
ENCHANTMENT_HARDENED_MANA_5,0,0,588457.3,420003.8
ENCHANTMENT_HARDENED_MANA_4,0,0,252248.6,170001.6
CAPSAICIN_EYEDROPS_NO_CHARGES,0,0,1580679.8,1314003.9
ENCHANTMENT_HARDENED_MANA_7,0,0,4699998.6,1500000
ENCHANTMENT_HARDENED_MANA_6,0,0,1999994.4,400002.5
ENCHANTMENT_HARDENED_MANA_9,0,0,11999999.8,2000000.7
ENCHANTMENT_ULTIMATE_NO_PAIN_NO_GAIN_4,0,0,40500,1.1
ENCHANTMENT_ULTIMATE_NO_PAIN_NO_GAIN_3,0,0,40499.5,2.1
ENCHANTMENT_HARDENED_MANA_8,0,0,11989995.7,600007.9
ENCHANTMENT_ULTIMATE_NO_PAIN_NO_GAIN_5,0,0,171497,6000.1
ENCHANTED_RAW_CHICKEN,0,0,744,629.8
ENCHANTED_WATER_LILY,0,0,1606.3,1363.5
RED_SCARF,0,0,559045.8,500001
LOG:1,0,0,13.3,6.1
TITANIUM_ORE,0,0,187.4,98.4
BLUE_SHARK_TOOTH,0,0,79996.2,65282.8
ROBOTRON_REFLECTOR,0,0,207869.6,188799.9
CHILI_PEPPER,0,0,10495.3,7640.3
LOG:3,0,0,13.3,5.7
LOG:2,0,0,3.4,1.2
SIL_EX,0,0,15824355.7,14243619.5
ENCHANTED_CACTUS,0,0,128473.5,123957.9
SALT_CUBE,0,0,775.6,10.1
ONYX,0,0,1455.3,1
ENCHANTED_SULPHUR,0,0,1624.9,1581.2
ENCHANTED_COOKED_SALMON,0,0,255999.3,250395.4
ENCHANTED_SEEDS,0,0,495.5,467.6
ENCHANTED_BONE_MEAL,0,0,18.9,2.4
ENCHANTMENT_EXPERIENCE_5,0,0,23999980,15944000.5
ENCHANTED_BONE_BLOCK,0,0,60992,50008.1
OMEGA_EGG,0,0,669999.5,355000.4
SMALL_ENCHANTED_CHEST,0,0,679.9,84.4
PURPLE_CANDY,0,0,24898.9,24000.4
ENCHANTMENT_EXPERIENCE_2,0,0,0,0
POLISHED_PUMPKIN,0,0,256485.2,250329.4
ENCHANTMENT_EXPERIENCE_1,0,0,0,0
ENCHANTMENT_EXPERIENCE_4,0,0,499994.1,345335.1
ENCHANTMENT_EXPERIENCE_3,0,0,0,0
ENCHANTED_GOLD_BLOCK,0,0,102719.3,96332.4
FINE_OPAL_GEM,0,0,47271.8,44170.6
ENCHANTED_FLINT,0,0,5547.2,5429.5
SCORCHED_POWER_CRYSTAL,0,0,2050851.2,1676656.7
REHEATED_GUMMY_POLAR_BEAR,0,0,96988.9,70000.1
SCARF_FRAGMENT,0,0,1703.7,501
FURBALL,0,0,78997.1,24137.1
ESSENCE_SPIDER,0,0,923.3,871.3
ENCHANTED_CLAY_BALL,0,0,468.7,452.4
GLOWSTONE_DUST,0,0,27.5,7.9
FLYCATCHER_UPGRADE,0,0,26909271.8,25000001.3
PERFECT_AMETHYST_GEM,0,0,13289921.7,12635311.5
IMPLOSION_SCROLL,0,0,272745686.8,263472773.1
CROPIE,0,0,33992.7,24350.2
FTX_3070,0,0,198423.6,184288.1
PET_ITEM_VAMPIRE_FANG,0,0,1999.4,1.6
ENDSTONE_GEODE,0,0,1709.5,0
ENCHANTMENT_PALEONTOLOGIST_5,0,0,35999998.6,30000000
GREAT_CARROT_CANDY,0,0,218981.7,176536.5
ENCHANTMENT_MANA_VAMPIRE_10,0,0,114999998.2,20000000.4
ENCHANTED_BONE,0,0,1399.8,1267.6
LAVA_WATER_ORB,0,0,1899999.5,1700000.3
OPTICAL_LENS,0,0,4731,2.4
ENCHANTMENT_PALEONTOLOGIST_3,0,0,10872149.5,1229043.7
ENCHANTMENT_PALEONTOLOGIST_4,0,0,32999999.8,950009.7
ENCHANTED_DIAMOND_BLOCK,0,0,205413.8,202965.5
ENCHANTMENT_PALEONTOLOGIST_1,0,0,1844289.1,1608129.1
ENCHANTMENT_DELICATE_5,0,0,1143107.4,817158.6
ENCHANTMENT_PALEONTOLOGIST_2,0,0,6999999,258082.6
GOBLIN_EGG_GREEN,0,0,2124.3,1668
ENCHANTMENT_PROSECUTE_6,0,0,105999994.4,83005571
ENCHANTMENT_CASTER_1,0,0,0,0
ENCHANTMENT_CASTER_2,0,0,0,0
ENCHANTMENT_PROSECUTE_5,0,0,0,0
GIANT_FRAGMENT_BIGFOOT,0,0,10599.9,7300.4
LIGHT_BAIT,0,0,200,102.5
HOT_POTATO_BOOK,0,0,87316.3,81790.9
MAGIC_MUSHROOM_SOUP,0,0,349.6,153.3
ENCHANTMENT_CASTER_3,0,0,0,0
CLAY_BALL,0,0,3.2,1.3
ENCHANTMENT_CASTER_4,0,0,0,0
ENCHANTMENT_CASTER_5,0,0,0,0
ENCHANTMENT_CASTER_6,0,0,74997.5,20924.4
OLD_FRAGMENT,0,0,9197.5,8224.3
BEATING_HEART,0,0,26760.9,11375.3
ROUGH_AMBER_GEM,0,0,4,1.4
ENCHANTMENT_PROSECUTE_4,0,0,0,0
ENCHANTMENT_PROSECUTE_3,0,0,0,0
ENCHANTMENT_PROSECUTE_2,0,0,0,0
ENCHANTMENT_PROSECUTE_1,0,0,0,0
AMALGAMATED_CRIMSONITE,0,0,0,0
FINE_AMBER_GEM,0,0,24497.1,22604.5
SUPER_MAGIC_MUSHROOM_SOUP,0,0,8252.9,5326.2
ENCHANTED_QUARTZ,0,0,4001,3578.8
ENCHANTED_COAL_BLOCK,0,0,74999.9,69085
ENDER_PEARL,0,0,7.3,5.8
LESSER_SOULFLOW_ENGINE,0,0,3659999.4,3087119.2
ENCHANTED_GLACITE,0,0,10570.6,10063.4
LARGE_WALNUT,0,0,316874.1,211249.4
FLAWED_JADE_GEM,0,0,296.9,269.6
TOIL_LOG,0,0,0,0
SLUDGE_JUICE,0,0,2149.7,2048.7
BONZO_FRAGMENT,0,0,62.9,16.2
SUGAR_CANE,0,0,7.4,2.9
ENCHANTMENT_RESPITE_5,0,0,1056537.1,449250.3
ENCHANTMENT_RESPITE_3,0,0,206288.2,70004.5
ENCHANTMENT_RESPITE_4,0,0,4999999.8,82003.8
ENCHANTMENT_RESPITE_1,0,0,124784.4,20501.3
ENCHANTMENT_RESPITE_2,0,0,168346,15953
TESSELLATED_ENDER_PEARL,0,0,3911269.9,3575748.8
ENCHANTED_RAW_BEEF,0,0,641,614.8
AOTE_STONE,0,0,4247196.3,3772003.5
RABBIT_HIDE,0,0,17.2,13.2
INFERNO_FUEL_BLOCK,0,0,72983.2,58321.6
ENCHANTMENT_OVERLOAD_5,0,0,14547996.7,10683400.8
ENCHANTMENT_OVERLOAD_4,0,0,9999997.7,700000.2
ENCHANTMENT_OVERLOAD_3,0,0,4268291.3,2299999.1
ENCHANTMENT_OVERLOAD_2,0,0,1599999.4,500.3
ENCHANTMENT_OVERLOAD_1,0,0,699998.5,663583.3
DARK_BAIT,0,0,1364.4,1119.8
ENCHANTED_PUMPKIN,0,0,1602,1544.3
ENCHANTED_COOKED_FISH,0,0,151999,145003.2
OBSIDIAN,0,0,19.9,14.5
PET_ITEM_EXP_SHARE_DROP,0,0,3364893.5,3110000.1
STARFALL,0,0,1591,1478.7
ENCHANTMENT_FIRE_PROTECTION_6,0,0,215285.7,150.2
SECOND_MASTER_STAR,0,0,19499994.3,18580739.8
ENCHANTMENT_FIRE_PROTECTION_5,0,0,0,0
ROUGH_ONYX_GEM,0,0,10,1.9
ENCHANTMENT_FIRE_PROTECTION_7,0,0,3699998.8,1210327
ENCHANTMENT_HARDENED_MANA_10,0,0,34877938.5,4515471.5
FLAWLESS_ONYX_GEM,0,0,2426445.4,2100003.9
ENCHANTMENT_ULTIMATE_JERRY_2,0,0,0.1,0
ENTROPY_SUPPRESSOR,0,0,9999997.5,7150001
ENCHANTMENT_ULTIMATE_REND_3,0,0,2899999.9,255557.3
ENCHANTMENT_ULTIMATE_JERRY_1,0,0,2229.6,0
ENCHANTMENT_ULTIMATE_REND_2,0,0,729999.5,100001.2
ENCHANTMENT_ULTIMATE_REND_1,0,0,632524.2,347931.5
GLOWSTONE_DUST_DISTILLATE,0,0,4993.8,4764.8
ENCHANTED_POPPY,0,0,4637.4,2590.3
ENCHANTMENT_ULTIMATE_JERRY_5,0,0,99999,1000.9
ENCHANTMENT_ULTIMATE_JERRY_4,0,0,99999.1,10.9
ENCHANTMENT_ULTIMATE_REND_5,0,0,10000000,5275001.9
ENCHANTMENT_ULTIMATE_JERRY_3,0,0,809.8,0
ENCHANTMENT_ULTIMATE_REND_4,0,0,5999998.8,1304260.2
ENCHANTMENT_FIRE_PROTECTION_2,0,0,0,0
ENCHANTMENT_FIRE_PROTECTION_1,0,0,0,0
ENCHANTMENT_FIRE_PROTECTION_4,0,0,0,0
BAZAAR_COOKIE,0,0,0,0
ENCHANTMENT_FIRE_PROTECTION_3,0,0,0,0
FLAWLESS_PERIDOT_GEM,0,0,4029860.7,3750085.2
BROWN_MUSHROOM,0,0,9.2,7.5
DISPLACED_LEECH,0,0,209995.3,132841.9
ENCHANTMENT_HARVESTING_5,0,0,0,0
ENCHANTMENT_HARVESTING_4,0,0,0,0
ENCHANTMENT_HARVESTING_3,0,0,0,0
CARROT_ITEM,0,0,3,1.8
ENCHANTMENT_HARVESTING_2,0,0,0,0
ENCHANTMENT_HARVESTING_1,0,0,0,0
UMBER,0,0,109.6,82.7
HEALING_TISSUE,0,0,9083,5002.2
EXP_BOTTLE,0,0,48,14
MOLTEN_CUBE,0,0,7293,19.8
ENCHANTMENT_HARVESTING_6,0,0,1936684.1,1396662.9
ENCHANTED_RABBIT_HIDE,0,0,11818.9,10372.7
WATER_ORB,0,0,749887.4,322499.4
GLACITE_JEWEL,0,0,42190.5,38290.8
INFERNO_VERTEX,0,0,5666178,5246356.6
RUSTY_ANCHOR,0,0,13864805.3,4067814.4
WEAK_WOLF_CATALYST,0,0,19899.2,16250.1
FLAWED_AMETHYST_GEM,0,0,299.4,269.4
PERFECT_JADE_GEM,0,0,12616673.8,12251155.6
ENCHANTED_BIRCH_LOG,0,0,625.4,498.4
FOURTH_MASTER_STAR,0,0,74999989.8,70075616.9
ENCHANTED_GUNPOWDER,0,0,3208.4,2834.1
REFINED_AMBER,0,0,1069393.8,556972.2
ENCHANTED_SUGAR,0,0,745.6,670.2
CACTUS,0,0,5,2.4
DUNG,0,0,3739.5,3111.3
ENCHANTED_RAW_SALMON,0,0,1608.8,1537.8
BOBBIN_SCRIPTURES,0,0,34599.1,28732.5
ENCHANTED_EMERALD,0,0,1140,1029.2
RED_MUSHROOM,0,0,9.7,7.2
GRAND_EXP_BOTTLE,0,0,5167.1,4990.9
MUTTON,0,0,106.3,61.3
ENCHANTMENT_DEDICATION_2,0,0,2297669.3,1834563.5
ENCHANTMENT_DEDICATION_1,0,0,991667.8,878143.3
ENCHANTMENT_DEDICATION_4,0,0,16980692.2,15844146.3
ENCHANTMENT_DEDICATION_3,0,0,4143553.6,3500000
ENCHANTMENT_ULTIMATE_WISE_2,0,0,240694.3,203835.9
ENCHANTMENT_ULTIMATE_WISE_1,0,0,115481.3,115002.6
SPIDER_EYE,0,0,13.9,8
ENCHANTMENT_ULTIMATE_WISE_4,0,0,1269998.9,800000.9
ENCHANTMENT_ULTIMATE_WISE_3,0,0,667454.2,374586.7
BEJEWELED_HANDLE,0,0,118179.5,111753.3
LARGE_ENCHANTED_CHEST,0,0,334933.5,306513.3
ENCHANTED_NETHERRACK,0,0,199.9,30.3
JADERALD,0,0,4199998.3,3872628.2
ENCHANTMENT_TRUE_PROTECTION_1,0,0,999399.9,805208.9
CORRUPT_SOIL,0,0,1519982.6,1435721.2
RARE_DIAMOND,0,0,313.6,1.3
PRISMARINE_CRYSTALS,0,0,23,6.9
ICE,0,0,8.9,2.4
GLOSSY_GEMSTONE,0,0,0,5297000
TIGER_SHARK_TOOTH,0,0,72677.6,53383.5
ENCHANTMENT_LUCK_OF_THE_SEA_4,0,0,0,0
ENCHANTMENT_LUCK_OF_THE_SEA_5,0,0,0,0
ENCHANTMENT_LUCK_OF_THE_SEA_6,0,0,134994.8,20004.2
ENCHANTMENT_SMARTY_PANTS_3,0,0,4999992.7,2178856.8
ENCHANTMENT_ULTIMATE_WISE_5,0,0,2274622.5,2000000.6
ENCHANTMENT_SMARTY_PANTS_2,0,0,1989709.6,703928.6
ENCHANTMENT_LUCK_OF_THE_SEA_1,0,0,0,0
ENCHANTMENT_SMARTY_PANTS_5,0,0,9970857.8,8828002.1
ENCHANTMENT_LUCK_OF_THE_SEA_2,0,0,0,0
ENCHANTMENT_SMARTY_PANTS_4,0,0,9499994,3839849.5
ENCHANTMENT_LUCK_OF_THE_SEA_3,0,0,0,0
GOLDEN_TOOTH,0,0,104997.1,97108.2
THE_ART_OF_PEACE,0,0,51821995.3,48191100.1
ENCHANTMENT_SMARTY_PANTS_1,0,0,644126.5,545858.8
HYPER_CATALYST,0,0,219998.6,209183.1
VOLTA,0,0,2219.7,1706.1
RABBIT_FOOT,0,0,13.9,2.4
SUPERLITE_MOTOR,0,0,100656.9,90709.8
REDSTONE,0,0,1,0.6
BRAIDED_GRIFFIN_FEATHER,0,0,20281982.5,17241523.3
SUSPICIOUS_SCRAP,0,0,304163.3,280002.4
SPIRIT_WING,0,0,6158480.5,5700000.1
SPOOKY_WATER_ORB,0,0,5180287.5,3750000.7
THE_ART_OF_WAR,0,0,6962997,6463117.6
ENCHANTMENT_LURE_2,0,0,0,0
ENCHANTMENT_LURE_1,0,0,0,0
SLIME_BALL,0,0,39.9,35.8
ENCHANTMENT_LURE_6,0,0,5901.4,0
ENCHANTMENT_LURE_5,0,0,0,0
ENCHANTMENT_LURE_4,0,0,0,0
ENCHANTMENT_LURE_3,0,0,0,0
HOLY_FRAGMENT,0,0,9096.5,8684
SNOW_BALL,0,0,9.9,0.6
ENCHANTED_WOOL,0,0,308.7,287.9
ENCHANTED_EGG,0,0,4697.9,3610.2
GLEAMING_CRYSTAL,0,0,0,1000000
SUPERB_CARROT_CANDY,0,0,2085089.1,1460085.9
ENCHANTMENT_FEROCIOUS_MANA_8,0,0,17999999.9,3419390.9
ENCHANTMENT_FEROCIOUS_MANA_9,0,0,39499999.8,2100006
FINE_JADE_GEM,0,0,24999,23292.3
FLAWED_RUBY_GEM,0,0,298,231.2
ENCHANTMENT_FEROCIOUS_MANA_4,0,0,795408.8,320000.4
ENCHANTMENT_MAGNET_2,0,0,0,0
RAW_CHICKEN,0,0,31.3,18.2
ENCHANTMENT_FEROCIOUS_MANA_5,0,0,1701351.8,1210948.6
ENCHANTMENT_MAGNET_1,0,0,0,0
SORROW,0,0,198923.9,184000.9
ENCHANTMENT_FEROCIOUS_MANA_6,0,0,3979987.5,830001.3
ENCHANTMENT_MAGNET_4,0,0,0,0
ENCHANTMENT_FEROCIOUS_MANA_7,0,0,8999997,1976957.2
ENCHANTMENT_MAGNET_3,0,0,0,0
FLAWLESS_JASPER_GEM,0,0,5460015.4,5342417.1
ENCHANTMENT_MAGNET_6,0,0,0.1,0
ENCHANTMENT_FEROCIOUS_MANA_1,0,0,144742.9,77589.7
ENCHANTMENT_MAGNET_5,0,0,0,0
ENCHANTMENT_FEROCIOUS_MANA_2,0,0,194615.6,74006.6
LUSH_BERBERIS,0,0,373.6,224.9
ENCHANTMENT_FEROCIOUS_MANA_3,0,0,377418.1,135001.2
ENCHANTMENT_PESTERMINATOR_1,0,0,1133449.8,1106097.2
ENCHANTMENT_PESTERMINATOR_2,0,0,2399997.8,1850004.6
ENCHANTMENT_PROJECTILE_PROTECTION_7,0,0,9199998.8,2000000
ENCHANTMENT_CHAMPION_10,0,0,0,0
ENCHANTMENT_PESTERMINATOR_3,0,0,5699984.8,3858280.9
ENCHANTMENT_PROJECTILE_PROTECTION_6,0,0,2428.5,0.4
ENCHANTED_SHARK_FIN,0,0,37532.5,30000.2
ENCHANTMENT_PESTERMINATOR_4,0,0,11144411.3,7760000
ENCHANTMENT_PROJECTILE_PROTECTION_5,0,0,0,0
ENCHANTMENT_PESTERMINATOR_5,0,0,19204048.6,17600966.1
ENCHANTMENT_PROJECTILE_PROTECTION_4,0,0,0,0
ENCHANTMENT_PROJECTILE_PROTECTION_3,0,0,0,0
ENCHANTMENT_PROJECTILE_PROTECTION_2,0,0,0,0
ENCHANTMENT_PROJECTILE_PROTECTION_1,0,0,0,0
INK_SACK,0,0,1412.8,1297
CRYSTAL_FRAGMENT,0,0,157873.1,155000.1
ENCHANTED_REDSTONE_BLOCK,0,0,25773.8,24785
DIVAN_POWDER_COATING,0,0,0,52500001.5
INFERNO_APEX,0,0,124998998.6,107000002.3
ENCHANTED_REDSTONE_LAMP,0,0,160000,45000.7
TREASURITE,0,0,18049.2,15554
PERFECT_OPAL_GEM,0,0,19995202.6,18648615.9
MELON,0,0,2.2,0.9
DIAMONITE,0,0,2128018.8,862071.2
GLOWING_MUSHROOM,0,0,894.3,308.9
ENCHANTMENT_DRAGON_HUNTER_4,0,0,9999999.8,3041107.5
ENCHANTMENT_DRAGON_HUNTER_3,0,0,5989995.9,1559203.1
ENCHANTMENT_DRAGON_HUNTER_5,0,0,17400518.3,14660250.6
ENCHANTED_IRON_BLOCK,0,0,270974.4,268286.1
ENCHANTMENT_DRAGON_HUNTER_2,0,0,2498995.9,1350000.4
BONE,0,0,8,4
ENCHANTMENT_DRAGON_HUNTER_1,0,0,1146097.5,931003.7
POISONOUS_POTATO,0,0,9.9,5.1
KISMET_FEATHER,0,0,1918004,1884438
REVENANT_FLESH,0,0,44.4,39
VOLCANIC_ROCK,0,0,1498999.7,1211108.1
ENCHANTED_GLOWSTONE,0,0,63350,49593.6
OBSIDIAN_TABLET,0,0,2053489,1591387
ESSENCE_WITHER,0,0,2756.4,2663.8
ENCHANTMENT_CHARM_2,0,0,262819.8,1106
ENCHANTMENT_CHARM_3,0,0,810757.8,4001.8
ENCHANTMENT_CHARM_1,0,0,101592.9,35307.4
BLAZE_ROD,0,0,26.5,18.9
ENCHANTMENT_CHARM_4,0,0,1299998.5,40000.8
YOUNG_FRAGMENT,0,0,8888,7165.2
ENCHANTMENT_CHARM_5,0,0,2017538.9,861850.6
MITHRIL_PLATE,0,0,7566987.2,7149973.9
BLOOD_SOAKED_COINS,0,0,10999996,4653397.8
REFINED_MINERAL,0,0,17045.6,13768.3
CHYME,0,0,2623856.6,600000.1
GUARDIAN_LUCKY_BLOCK,0,0,349997.6,250000.6
DIVAN_FRAGMENT,0,0,2836120.1,2717697
ROUGH_RUBY_GEM,0,0,2.5,0.9
ENCHANTMENT_IMPALING_3,0,0,0,0
ENCHANTMENT_IMPALING_2,0,0,0,0
GOBLIN_EGG_BLUE,0,0,5264690.8,4900000.2
ENCHANTMENT_IMPALING_1,0,0,0,0
CATALYST,0,0,169905.4,146772.5
REFINED_DARK_CACAO_TRUFFLE,0,0,15342565.4,14445604.2
ENCHANTED_INK_SACK,0,0,111652,102497.4
JERRY_STONE,0,0,8996.7,3.7
MOLTEN_POWDER,0,0,269991.9,203505.4
FLAWLESS_SAPPHIRE_GEM,0,0,1807166.2,1635469.4
MAGMA_URCHIN,0,0,7013196.9,6456914.4
PERFECT_AQUAMARINE_GEM,0,0,23499999.6,18309225.1
JACOBS_TICKET,0,0,16597.5,15758.2
ENCHANTMENT_QUANTUM_4,0,0,799999.4,314086.9
BAT_FIREWORK,0,0,290000,164951.2
ENCHANTMENT_QUANTUM_5,0,0,1919998.8,1150262.4
ABSOLUTE_ENDER_PEARL,0,0,13017.8,11665.5
ARACHNE_FRAGMENT,0,0,12998.8,8678
ENCHANTMENT_REPLENISH_1,0,0,1427889.6,1370000
ENCHANTMENT_QUANTUM_3,0,0,341941.1,260289.9
ENCHANTED_ENDER_PEARL,0,0,184.9,143.8
ARROW_BUNDLE_MAGMA,0,0,652708.1,543913.1
SPIKED_BAIT,0,0,219.2,34.6
ENCHANTED_FERMENTED_SPIDER_EYE,0,0,134999.4,106602.6
FROZEN_BAIT,0,0,6596.5,4103.5
BLESSED_FRUIT,0,0,1061763.3,923084.5
ENCHANTMENT_ULTIMATE_SWARM_5,0,0,8660453,7212924.5
VERY_CRUDE_GABAGOOL,0,0,100768.1,96003.6
ENCHANTMENT_TURBO_WHEAT_3,0,0,242998.4,7.4
ENCHANTMENT_TURBO_WHEAT_4,0,0,364999.5,65750.1
ENCHANTMENT_SILK_TOUCH_1,0,0,0,0
ENCHANTMENT_TURBO_WHEAT_1,0,0,8228,798.3
ENCHANTMENT_TURBO_WHEAT_2,0,0,31384.6,17.4
ENCHANTMENT_ULTIMATE_SWARM_3,0,0,3058233.2,785529.1
ENCHANTMENT_ULTIMATE_SWARM_4,0,0,5999999,3942153.8
ENCHANTMENT_TURBO_WHEAT_5,0,0,274999.5,130000.1
ENCHANTMENT_ULTIMATE_SWARM_1,0,0,489398,435339.3
EXPORTABLE_CARROTS,0,0,7874.3,6802.9
ENCHANTMENT_ULTIMATE_SWARM_2,0,0,1350598.3,926850.8
NULL_OVOID,0,0,104220.1,100841.5
GOLD_INGOT,0,0,3.8,2.3
ENCHANTMENT_SUGAR_RUSH_3,0,0,2082999.6,1450000.6
ENCHANTMENT_SUGAR_RUSH_2,0,0,1489999.3,570000.2
FLAWLESS_CITRINE_GEM,0,0,2059895.4,1900003.4
ENCHANTED_IRON,0,0,1811.4,1739.3
ENCHANTMENT_SUGAR_RUSH_1,0,0,3733167,325400.1
ENCHANTED_HAY_BLOCK,0,0,7877.9,7644.7
HEMOVIBE,0,0,269.1,198.3
ENCHANTED_TITANIUM,0,0,20917.5,19367.5
SPOOKY_BAIT,0,0,75.1,21.2
EMERALD,0,0,6.3,4.3
TWILIGHT_ARROW_POISON,0,0,2499.8,2169
ENCHANTED_RABBIT_FOOT,0,0,2892.9,1501.1
POTATO_SPREADING,0,0,3990.6,200.5
ENCHANTED_ICE,0,0,582.6,440.5
ARACHNE_KEEPER_FRAGMENT,0,0,740.7,386.5
ENCHANTMENT_GROWTH_1,0,0,0,0
ENCHANTMENT_GROWTH_2,0,0,0,0
GREEN_GIFT,0,0,7439.4,6765
ENCHANTMENT_GROWTH_3,0,0,0,0
ENCHANTMENT_GROWTH_4,0,0,0,0
SKELETON_KEY,0,0,42499999.9,41962755.7
ENCHANTMENT_GROWTH_5,0,0,0,0
RED_NOSE,0,0,1272.9,1.1
FLAWLESS_AMETHYST_GEM,0,0,1863984.2,1745600.7
ENCHANTMENT_GROWTH_6,0,0,8527539.5,7948165
NULL_EDGE,0,0,509965.9,432677.6
ENCHANTMENT_GROWTH_7,0,0,149999991.7,131555112.6
THORN_FRAGMENT,0,0,79.8,40.9
PACKED_ICE,0,0,34,19.1
YELLOW_FLOWER,0,0,170.4,145.2
CLIPPED_WINGS,0,0,835,1.2
REVENANT_CATALYST,0,0,27717,7188.1
WITHER_CATALYST,0,0,1089072.3,987838.9
HAMSTER_WHEEL,0,0,61232.8,58161.3
ENCHANTED_COAL,0,0,683,680
MAGMA_FISH_SILVER,0,0,22079.5,21339
FLAWLESS_OPAL_GEM,0,0,5399999.3,3476391.9
SULPHURIC_COAL,0,0,4380,3024.3
ESSENCE_UNDEAD,0,0,737.3,662.7
DRAGON_CLAW,0,0,262856.9,19597.2
DAEDALUS_STICK,0,0,5632423.3,5061662.4
ENCHANTMENT_ULTIMATE_CHIMERA_1,0,0,136999994.1,130641243.8
ENCHANTMENT_ULTIMATE_LAST_STAND_5,0,0,3147093.5,2826768.7
ENCHANTMENT_ULTIMATE_LAST_STAND_4,0,0,2135391.1,1440006
ENCHANTMENT_ULTIMATE_LAST_STAND_3,0,0,892099.6,193219.4
ENCHANTMENT_ULTIMATE_CHIMERA_5,0,0,0,500000000
ENCHANTMENT_ULTIMATE_CHIMERA_4,0,0,0,100000000.8
ENCHANTMENT_ULTIMATE_LAST_STAND_2,0,0,341718.8,325525.9
ENCHANTMENT_ULTIMATE_LAST_STAND_1,0,0,169352.3,161160.7
PET_ITEM_PURE_MITHRIL_GEM,0,0,359622.6,140000
ENCHANTMENT_ULTIMATE_CHIMERA_3,0,0,0,110250003.9
JUNGLE_HEART,0,0,2669.7,1.5
ENCHANTMENT_ULTIMATE_CHIMERA_2,0,0,0,20000000.2
LUCKY_DICE,0,0,1599999.9,955555
FOUL_FLESH,0,0,32177.6,29332
RAW_BEEF,0,0,18.3,6.5
ENCHANTED_EYE_OF_ENDER,0,0,6923.4,6516.7
ECTOPLASM,0,0,144442.7,99743.2
PRECIOUS_PEARL,0,0,599996.8,429383.5
ENCHANTED_MYCELIUM,0,0,8540.4,8431.1
MAGMA_FISH_DIAMOND,0,0,22197266.1,20834738.7
RABBIT,0,0,90,61.6
ENCHANTED_HOPPER,0,0,1427385.2,1346834.2
FINE_FLOUR,0,0,6755.2,6200.2
HEMOBOMB,0,0,684597.8,582184.7
GRIFFIN_FEATHER,0,0,100197.4,96757.4
POLARVOID_BOOK,0,0,2364872.7,1954375.5
GIANT_FRAGMENT_DIAMOND,0,0,1124561.3,1064815
SOULFLOW,0,0,52656.6,48700.4
METAPHYSICAL_SERUM,0,0,175315,148357.9
MINNOW_BAIT,0,0,113.7,6.3
AVARICIOUS_CHALICE,0,0,300000000,250000000
ENCHANTED_MAGMA_CREAM,0,0,4195,3878.1
ENCHANTED_FIREWORK_ROCKET,0,0,242383.1,209106
WITHER_BLOOD,0,0,1981427.6,1700000.8
BLAZE_WAX,0,0,1015149,853417.5
ENCHANTMENT_EFFICIENCY_5,0,0,0,0
ENCHANTMENT_EFFICIENCY_4,0,0,0,0
CHOCOLATE_CHIP,0,0,518997.6,429060.2
ENCHANTMENT_EFFICIENCY_3,0,0,0,0
ENCHANTMENT_EFFICIENCY_2,0,0,0,0
FLAWLESS_JADE_GEM,0,0,1911110.7,1808898.4
HARD_STONE,0,0,4.6,3.5
ENCHANTMENT_EFFICIENCY_1,0,0,0,0
SUPERBOOM_TNT,0,0,4.8,1.4
ENCHANTED_COOKED_MUTTON,0,0,193239.1,183329.1
ENCHANTMENT_EFFICIENCY_9,0,0,0,0
ENCHANTMENT_EFFICIENCY_8,0,0,0,0
REFINED_TITANIUM,0,0,796151.6,761592.5
FLAWED_ONYX_GEM,0,0,324.6,279.2
ENCHANTMENT_EFFICIENCY_7,0,0,0,0
ENCHANTMENT_FEATHER_FALLING_10,0,0,60639.8,39406.3
ENCHANTMENT_EFFICIENCY_6,0,0,0,0
SHINY_PRISM,0,0,676486.9,363113.7
ENCHANTMENT_SMOLDERING_5,0,0,107479994.4,23806640.1
ENCHANTMENT_SMOLDERING_3,0,0,49999999.2,200002.3
ENCHANTMENT_SMOLDERING_4,0,0,399999999.5,23467591.2
ENCHANTMENT_SMOLDERING_1,0,0,4940697,4263256.4
EGG,0,0,24.7,5.9
FIRST_MASTER_STAR,0,0,12707587.4,12159478.7
ENCHANTMENT_SMOLDERING_2,0,0,16299998.7,2672255.1
UMBER_KEY,0,0,3069507.3,2916634.9
FLOWERING_BOUQUET,0,0,24999.5,12586.8
SPIRIT_LEAP,0,0,154.8,91.8
FINE_JASPER_GEM,0,0,67731.1,66561.6
BOOK_OF_STATS,0,0,1499985.1,1167500.8
ENCHANTED_CHARCOAL,0,0,1526.3,1270.4
SIMPLE_CARROT_CANDY,0,0,4999.9,2552.7
ENCHANTED_DIAMOND,0,0,1339,1305.2
ENCHANTMENT_FEATHER_FALLING_20,0,0,0,0
OIL_BARREL,0,0,2695.7,2207.9
GOLEM_POPPY,0,0,158711.5,99470.4
HORNS_OF_TORMENT,0,0,1729470.2,980096.7
ENCHANTMENT_CRITICAL_6,0,0,2200,1.9
JERRY_BOX_GREEN,0,0,153864.1,116711.6
FARMING_FOR_DUMMIES,0,0,1288730.2,1135070.6
ENCHANTMENT_CRITICAL_7,0,0,144999997.1,133722678
ENCHANTMENT_TOXOPHILITE_1,0,0,5739998.1,5000973.4
ENCHANTMENT_CRITICAL_4,0,0,0,0
ENCHANTMENT_CRITICAL_5,0,0,0,0
ENCHANTMENT_CRITICAL_2,0,0,0,0
ENCHANTED_GOLDEN_CARROT,0,0,70140.9,68671.5
ENCHANTED_TUNGSTEN,0,0,14949.8,13750.4
ENCHANTMENT_CRITICAL_3,0,0,0,0
ENCHANTMENT_CRITICAL_1,0,0,0,0
ENCHANTMENT_AIMING_1,0,0,0,0
ENCHANTMENT_AIMING_2,0,0,0,0
ENCHANTMENT_AIMING_3,0,0,0,0
ENCHANTMENT_AIMING_4,0,0,0,0
ENCHANTMENT_AIMING_5,0,0,0,0
SHADOW_WARP_SCROLL,0,0,261074714.7,247000001.9
FLAWED_PERIDOT_GEM,0,0,675.2,491.8
ENCHANTMENT_ULTIMATE_HABANERO_TACTICS_4,0,0,99999986.6,10000001.7
ENCHANTMENT_FROST_WALKER_2,0,0,0,0
ENCHANTMENT_THUNDERBOLT_6,0,0,3297094.7,1631129.3
ENCHANTMENT_BLAST_PROTECTION_7,0,0,3424609.5,1000101
ENCHANTED_MYCELIUM_CUBE,0,0,164993.1,128435.3
FLAWED_JASPER_GEM,0,0,1195.9,774.3
ENCHANTMENT_ULTIMATE_HABANERO_TACTICS_5,0,0,284999999.7,90000000
ENCHANTMENT_FROST_WALKER_1,0,0,0,0
EXPIRED_PUMPKIN,0,0,8004.1,3727
ENCHANTMENT_ICE_COLD_4,0,0,41999998.4,690420.7
ENCHANTMENT_ICE_COLD_3,0,0,0,1005702.7
ENCHANTMENT_THUNDERBOLT_1,0,0,0,0
GLACIAL_FRAGMENT,0,0,42256,38001.3
ENCHANTED_POISONOUS_POTATO,0,0,1894.8,1102.2
ENCHANTMENT_ICE_COLD_5,0,0,84397171.5,42425001.4
FLAWED_AMBER_GEM,0,0,461.3,264.8
TUNGSTEN_PLATE,0,0,16400086.8,15927069.4
ENCHANTMENT_THUNDERBOLT_4,0,0,0,0
ENCHANTMENT_THUNDERBOLT_5,0,0,0,0
ENCHANTMENT_ICE_COLD_2,0,0,0,3304868.1
ENCHANTMENT_THUNDERBOLT_2,0,0,0,0
ENCHANTMENT_ICE_COLD_1,0,0,4935065.7,3704598.3
ENCHANTMENT_THUNDERBOLT_3,0,0,0,0
ENCHANTMENT_ULTIMATE_REITERATE_1,0,0,5557134.7,5000000.2
ENCHANTMENT_ULTIMATE_REITERATE_4,0,0,61999997.1,13075001.9
ENCHANTMENT_COMPACT_10,0,0,0,0
ENCHANTMENT_ULTIMATE_REITERATE_5,0,0,98037979.7,82000100
ENCHANTMENT_ULTIMATE_REITERATE_2,0,0,99999999.8,4169735.2
PRISMARINE_SHARD,0,0,3.7,1
ENCHANTMENT_ULTIMATE_REITERATE_3,0,0,34999999.9,5208332.5
SYNTHETIC_HEART,0,0,198398.8,187839.5
POWER_CRYSTAL,0,0,590000,575334.2
WISE_FRAGMENT,0,0,20799.6,18312.8
SHARK_FIN,0,0,222.9,196.3
PERFECT_PERIDOT_GEM,0,0,32635917,29523016.9
XXLARGE_ENCHANTED_CHEST,0,0,5346265.5,4862696.5
REFINED_MITHRIL,0,0,700018.3,685003.5
FUEL_TANK,0,0,419999.8,391121.8
UMBER_PLATE,0,0,16680373.7,15700002
JALAPENO_BOOK,0,0,2579992.4,1756322
ENCHANTMENT_VENOMOUS_3,0,0,0,0
POTATO_ITEM,0,0,3.4,2
ENCHANTMENT_VENOMOUS_4,0,0,0,0
ENCHANTMENT_VENOMOUS_5,0,0,0,0
SKYMART_BROCHURE,0,0,424998.8,292045.7
ENCHANTED_HUGE_MUSHROOM_1,0,0,51576.9,49961.7
ENCHANTMENT_VENOMOUS_6,0,0,69999998.1,51000008.8
PRESUMED_GALLON_OF_RED_PAINT,0,0,2483144,1169158.6
HEMOGLASS,0,0,41193.8,39067.4
ENCHANTMENT_VENOMOUS_1,0,0,0,0
ENCHANTMENT_VENOMOUS_2,0,0,0,0
ELECTRON_TRANSMITTER,0,0,207264.8,189026.9
ENCHANTED_COBBLESTONE,0,0,738,685
ENCHANTMENT_STRONG_MANA_10,0,0,0,40000000.1
ENCHANTED_HUGE_MUSHROOM_2,0,0,51130.3,49676.4
GLOWY_CHUM_BAIT,0,0,49,12.7
STUFFED_CHILI_PEPPER,0,0,1999999.9,805814.5
BUDGET_HOPPER,0,0,18000,8001.4
TERRY_SNOWGLOBE,0,0,2180659,1059040
ICE_BAIT,0,0,3,0.5
FINE_ONYX_GEM,0,0,29996.4,26238.8
CHEESE_FUEL,0,0,6510.1,6190.3
KUUDRA_MANDIBLE,0,0,3299995.6,1500000.7
ENCHANTMENT_FEATHER_FALLING_3,0,0,0,0
ENCHANTMENT_FEATHER_FALLING_2,0,0,0,0
PUMPKIN_GUTS,0,0,296231.8,240458.2
ENCHANTMENT_FEATHER_FALLING_1,0,0,0,0
ENCHANTMENT_FEATHER_FALLING_7,0,0,1000,2.5
BLAZE_ROD_DISTILLATE,0,0,5183.7,4603.3
WITHER_SHIELD_SCROLL,0,0,270301673.2,260554426.8
ENCHANTMENT_FEATHER_FALLING_6,0,0,207.8,2
ENCHANTMENT_FEATHER_FALLING_5,0,0,0,0
ENCHANTMENT_FEATHER_FALLING_4,0,0,0,0
ENCHANTMENT_FEATHER_FALLING_9,0,0,54999.9,7635.1
ACACIA_BIRDHOUSE,0,0,1122395.7,874061
ENCHANTMENT_FEATHER_FALLING_8,0,0,26914.5,301
SPIDER_CATALYST,0,0,9993.8,1358.6
ENCHANTED_LAPIS_LAZULI_BLOCK,0,0,82997.5,82062.5
ENCHANTED_ENDSTONE,0,0,329,282.9
ESSENCE_ICE,0,0,1618.8,1420.3
ENCHANTED_SAND,0,0,1840.7,1688.5
COLOSSAL_EXP_BOTTLE,0,0,2178997.9,2000016.2
ENCHANTED_STRING,0,0,2279.7,2229.7
PERFECT_ONYX_GEM,0,0,18402866.3,17978670
MOIL_LOG,0,0,0,0
ENCHANTED_DANDELION,0,0,26684.9,24448.8
MIMIC_FRAGMENT,0,0,1445.5,1000
MAGMA_FISH_GOLD,0,0,1699999.3,1219875.1
SOUL_FRAGMENT,0,0,1381824.6,1200000
ENCHANTED_LAPIS_LAZULI,0,0,789.2,740.8
MELON_BLOCK,0,0,54.8,15.9
ENDERMAN_CORTEX_REWRITER,0,0,99830.7,73088.5
CRUDE_GABAGOOL_DISTILLATE,0,0,80289.3,75002.2
SEEDS,0,0,2.5,1.4
ENCHANTED_LEATHER,0,0,6998,6829.6
ENCHANTED_SPONGE,0,0,2089.4,1903.9
WOLF_TOOTH,0,0,604.5,596.2
ENCHANTED_NETHER_STALK,0,0,640,621.4
ENCHANTMENT_CURSE_OF_VANISHING_0,0,0,0,0
METEOR_SHARD,0,0,2999998.7,2200003.8
ENCHANTED_REDSTONE,0,0,239.2,201.8
ENCHANTMENT_COMPACT_2,0,0,0,0
ENCHANTMENT_COMPACT_3,0,0,0,0
DWARVEN_COMPACTOR,0,0,524997.5,474175.1
ENCHANTMENT_COMPACT_1,0,0,5755852.1,5249397.8
GREAT_WHITE_SHARK_TOOTH,0,0,2506012.9,2165918.2
ESSENCE_GOLD,0,0,1420,1194.7
ENCHANTMENT_PRISTINE_1,0,0,1199998.9,937032.4
ENCHANTMENT_BLAST_PROTECTION_4,0,0,0,0
ENCHANTMENT_COMPACT_6,0,0,0,0
ENCHANTMENT_PRISTINE_2,0,0,2999999.2,100005.1
ENCHANTMENT_BLAST_PROTECTION_3,0,0,0,0
ENCHANTMENT_COMPACT_7,0,0,0,0
RECOMBOBULATOR_3000,0,0,8564307.9,8370911.1
ENCHANTMENT_BLAST_PROTECTION_6,0,0,1573.7,2
ENCHANTMENT_COMPACT_4,0,0,0,0
ENCHANTMENT_COMPACT_5,0,0,0,0
ENCHANTMENT_BLAST_PROTECTION_5,0,0,0,0
ENCHANTMENT_PRISTINE_5,0,0,19132792,13427660
ENCHANTMENT_PRISTINE_3,0,0,6199999.7,3600000.8
ENCHANTMENT_BLAST_PROTECTION_2,0,0,0,0
ENCHANTMENT_COMPACT_8,0,0,0,0
ENCHANTMENT_PRISTINE_4,0,0,0,8000000.1
ENCHANTMENT_BLAST_PROTECTION_1,0,0,0,0
ENCHANTMENT_COMPACT_9,0,0,0,0
ENCHANTMENT_FEROCIOUS_MANA_10,0,0,74999999.1,20000005.3
PET_ITEM_LUCKY_CLOVER_DROP,0,0,3308425.5,2750006.1
NECROMANCER_BROOCH,0,0,52496.6,32499.7
ENCHANTED_PORK,0,0,4617.5,4174.1
BURROWING_SPORES,0,0,3611746.7,2979250.1
DEEP_SEA_ORB,0,0,6270880.8,4208841.4
ROUGH_JASPER_GEM,0,0,12.3,6.8
FEATHER,0,0,2.8,0.9
PETRIFIED_STARFALL,0,0,999999.9,776001.6
MAGIC_TOP_HAT,0,0,23612944,14363876
ENCHANTED_RED_SAND,0,0,8778.7,7881.9
ENCHANTED_CLOWNFISH,0,0,3190.1,3100
REFINED_UMBER,0,0,2971311.1,2750004.8
PITCHIN_KOI,0,0,0,12912.6
ENCHANTED_GOLD,0,0,670,609.3
ENCHANTMENT_LIFE_STEAL_1,0,0,0,0
ENCHANTMENT_LIFE_STEAL_2,0,0,0,0
ENCHANTMENT_SMELTING_TOUCH_1,0,0,0,0
ROUGH_CITRINE_GEM,0,0,3.5,1.6
ENCHANTMENT_LIFE_STEAL_5,0,0,15999998.6,12858966.2
ENCHANTMENT_LIFE_STEAL_3,0,0,0,0
ENCHANTMENT_LIFE_STEAL_4,0,0,151217.4,20004.1
ENCHANTMENT_PISCARY_1,0,0,0,0
GOLDEN_PLATE,0,0,1780494.2,1640377
SADAN_BROOCH,0,0,304084.2,78077.5
ENCHANTMENT_TURBO_MUSHROOMS_5,0,0,90999,10000.4
FIFTH_MASTER_STAR,0,0,84520103.4,81404338.5
ENCHANTMENT_PISCARY_3,0,0,0,0
ENCHANTMENT_PISCARY_2,0,0,0,0
ENCHANTED_GLOWSTONE_DUST,0,0,2091.6,1645.1
BLUE_ICE_HUNK,0,0,159995.5,140501.1
ENCHANTMENT_PISCARY_5,0,0,0,0
ENCHANTMENT_PISCARY_4,0,0,0,0
ENCHANTMENT_PISCARY_6,0,0,6179888.1,4154472.4
ENCHANTMENT_TABASCO_1,0,0,0,0
ENCHANTMENT_TABASCO_3,0,0,3231819.7,2061593.1
ENCHANTMENT_PUNCH_1,0,0,0,0
TRANSMISSION_TUNER,0,0,72093.9,49350.7
ENCHANTED_SUGAR_CANE,0,0,115927.2,114190
ENCHANTMENT_TABASCO_2,0,0,0,737500.7
ENCHANTMENT_PUNCH_2,0,0,0,0
ENCHANTMENT_TURBO_MUSHROOMS_2,0,0,5321.2,25.2
ENCHANTMENT_TURBO_MUSHROOMS_1,0,0,278.9,1.3
ENCHANTMENT_TURBO_MUSHROOMS_4,0,0,108098.1,1000
CONCENTRATED_STONE,0,0,1732901,1561174.7
ENCHANTMENT_TURBO_MUSHROOMS_3,0,0,85621.1,0
ENCHANTMENT_MANA_VAMPIRE_2,0,0,232598.5,76001.4
ENCHANTMENT_MANA_VAMPIRE_1,0,0,363807.3,104003.3
ENCHANTMENT_MANA_VAMPIRE_4,0,0,1004677.1,480000.7
ENCHANTMENT_MANA_VAMPIRE_3,0,0,400812.8,205000.4
ENCHANTMENT_MANA_VAMPIRE_6,0,0,5295996.1,20001.2
SHARK_WATER_ORB,0,0,7400000,3200002.2
ENCHANTMENT_MANA_VAMPIRE_5,0,0,1849999.9,1600001.4
ENCHANTMENT_MANA_VAMPIRE_8,0,0,23999999.7,600000.6
ENCHANTMENT_MANA_VAMPIRE_7,0,0,10999998.1,2419403.9
GHAST_TEAR,0,0,146.7,84.8
ENCHANTMENT_MANA_VAMPIRE_9,0,0,60000000,4125007.5
UNSTABLE_FRAGMENT,0,0,8324.9,7052.7
MAGMA_CREAM_DISTILLATE,0,0,5459.7,4606.7
CORLEONITE,0,0,513999.1,460146
ENCHANTED_EMERALD_BLOCK,0,0,159995.5,154000
SUBZERO_INVERTER,0,0,925045.2,250500
GIANT_TOOTH,0,0,399768.4,216745.1
ENCHANTMENT_PIERCING_1,0,0,0,0
ENCHANTMENT_ULTIMATE_THE_ONE_5,0,0,169999999.9,6500002
SLEEPY_HOLLOW,0,0,6314619.2,5223381.3
ENCHANTED_MUTTON,0,0,5496,5217.2
ENCHANTMENT_TITAN_KILLER_7,0,0,28173193.5,9064390.6
ENCHANTMENT_TITAN_KILLER_6,0,0,27160.9,1622.2
NULL_SPHERE,0,0,17.4,9.1
ENCHANTMENT_TITAN_KILLER_5,0,0,0,0
ENCHANTMENT_TITAN_KILLER_4,0,0,0,0
ENCHANTMENT_TITAN_KILLER_3,0,0,0,0
ENCHANTMENT_TITAN_KILLER_2,0,0,0,0
ENCHANTMENT_TITAN_KILLER_1,0,0,0,0
STOCK_OF_STONKS,0,0,5354754.6,5200000.3
SUPERIOR_FRAGMENT,0,0,131259.2,126246.5
MAGMA_BUCKET,0,0,5223326.9,4969709.2
ENCHANTMENT_ULTIMATE_THE_ONE_4,0,0,54577019.5,48442877.1
ENCHANTMENT_POWER_1,0,0,0,0
HOT_BAIT,0,0,369.6,260.7
NULL_BLADE,0,0,51818601.8,47830072.7
ENCHANTMENT_POWER_7,0,0,213999998.6,199750004.3
ENCHANTMENT_POWER_6,0,0,277521.9,75272.4
ENCHANTMENT_ANGLER_1,0,0,0,0
ENCHANTMENT_ANGLER_2,0,0,0,0
WORM_MEMBRANE,0,0,42987,42693.5
GLACITE_SHARD,0,0,7363.8,751.4
ENCHANTMENT_ANGLER_3,0,0,0,0
ENCHANTMENT_ANGLER_4,0,0,0,0
ENCHANTMENT_POWER_3,0,0,0,0
BLACK_WOOLEN_YARN,0,0,11989997.6,10400006.8
ENCHANTMENT_POWER_2,0,0,0,0
ENCHANTMENT_ANGLER_5,0,0,0,0
ENCHANTMENT_ANGLER_6,0,0,117,0
ENCHANTMENT_POWER_5,0,0,0,0
ENCHANTMENT_POWER_4,0,0,0,0
WATER_LILY,0,0,7.4,3.1
ENCHANTMENT_THORNS_3,0,0,0,0
BOB_OMB,0,0,6093.8,4743.6
LOG_2,0,0,14.7,8.8
MITHRIL_INFUSION,0,0,6999998.8,6067602.5
COAL,0,0,4.9,4.2
ENCHANTMENT_ULTIMATE_BOBBIN_TIME_3,0,0,24488979.5,15925178.2
ENCHANTMENT_ULTIMATE_BOBBIN_TIME_4,0,0,48517938.1,555001
ENCHANTMENT_ULTIMATE_BOBBIN_TIME_5,0,0,93599998.9,7530012.5
ENCHANTMENT_THORNS_1,0,0,0,0
ENCHANTMENT_THORNS_2,0,0,0,0
GOLDEN_BOUNTY,0,0,208999997.2,127500001.7
ENCHANTMENT_VAMPIRISM_5,0,0,0,0
ENCHANTED_PRISMARINE_CRYSTALS,0,0,396.7,360.5
GOBLIN_EGG,0,0,2099.1,1682.8
PERFECT_TOPAZ_GEM,0,0,11968097.4,11452093.1
ENCHANTMENT_VAMPIRISM_6,0,0,968454.7,665924.1
LIVID_FRAGMENT,0,0,88956.7,82126.7
ENCHANTMENT_VAMPIRISM_3,0,0,0,0
PLASMA,0,0,23923.2,19382.5
ENCHANTMENT_VAMPIRISM_4,0,0,0,0
ENCHANTED_WET_SPONGE,0,0,81561.5,78779.3
ENCHANTMENT_EXPERTISE_7,0,0,0,0
ENCHANTMENT_CULTIVATING_9,0,0,0,0
ENCHANTMENT_EXPERTISE_6,0,0,0,0
ENCHANTMENT_CULTIVATING_7,0,0,0,0
ENCHANTMENT_EXPERTISE_9,0,0,0,0
ENCHANTMENT_CULTIVATING_8,0,0,0,0
ENCHANTMENT_EXPERTISE_8,0,0,0,0
ENCHANTMENT_CULTIVATING_5,0,0,0,0
ENDER_STONE,0,0,40,10.3
ESSENCE_CRIMSON,0,0,1443.7,1365.1
PERFECT_PLATE,0,0,43025759.9,40600006.2
ENCHANTMENT_CULTIVATING_6,0,0,0,0
ENCHANTMENT_CULTIVATING_3,0,0,0,0
ENCHANTMENT_CULTIVATING_4,0,0,0,0
ENCHANTMENT_CULTIVATING_1,0,0,5589998.9,5276726.7
ENCHANTMENT_VAMPIRISM_1,0,0,0,0
ENCHANTMENT_CULTIVATING_2,0,0,0,0
ENCHANTMENT_VAMPIRISM_2,0,0,0,0
QUARTZ,0,0,35,19.7
JERRY_BOX_PURPLE,0,0,537730.1,490311.6
ENCHANTMENT_ULTIMATE_SOUL_EATER_1,0,0,1051929.7,1000125.8
SALMON_OPAL,0,0,1605.1,301.7
ENCHANTMENT_ULTIMATE_SOUL_EATER_3,0,0,4901993.2,1000000.4
CHUM,0,0,2.1,0.3
ENCHANTMENT_ULTIMATE_SOUL_EATER_2,0,0,2093396.2,446666.2
ENCHANTMENT_ULTIMATE_SOUL_EATER_5,0,0,17379999.8,15800641.8
ENCHANTMENT_ULTIMATE_SOUL_EATER_4,0,0,9913155.1,7611692.4
MAGMA_CREAM,0,0,22.3,18.3
ENCHANTED_COMPOST,0,0,2797262.5,2699370.2
ENCHANTMENT_CHANCE_2,0,0,0,0
RED_GIFT,0,0,37566.6,36000.6
ENCHANTED_MITHRIL,0,0,1727,1600.4
ENCHANTMENT_CHANCE_1,0,0,0,0
ROUGH_PERIDOT_GEM,0,0,28.9,5.8
FEL_PEARL,0,0,1049.9,390.7
ENCHANTMENT_CHANCE_5,0,0,19999999.8,16066382.3
ENCHANTED_FEATHER,0,0,470.8,441.4
ENCHANTMENT_CHANCE_4,0,0,9399.4,52.8
ENCHANTED_OAK_LOG,0,0,1236,1157.9
ENCHANTMENT_CHANCE_3,0,0,0,0
ENCHANTMENT_GREEN_THUMB_5,0,0,122549995,87400001.6
ENCHANTMENT_KNOCKBACK_2,0,0,0,0
FLAWLESS_AQUAMARINE_GEM,0,0,5500000,3390987.2
WHITE_GIFT,0,0,2195.3,2127
ENCHANTMENT_KNOCKBACK_1,0,0,0,0
ENCHANTMENT_GREEN_THUMB_1,0,0,6056905.5,5900000.8
ENCHANTMENT_ULTIMATE_FLASH_2,0,0,14936999.2,580015.6
ENCHANTMENT_ULTIMATE_FLASH_1,0,0,6820802.2,6056888.6
ENCHANTMENT_GREEN_THUMB_2,0,0,14036986.4,10676851
NETHER_STALK,0,0,3.8,2.7
ENCHANTMENT_GREEN_THUMB_3,0,0,28199997.3,18000000.7
ENCHANTMENT_ULTIMATE_FLASH_4,0,0,58099630.6,600010.4
ENCHANTMENT_GREEN_THUMB_4,0,0,55794398.8,29412522.9
ENCHANTMENT_ULTIMATE_FLASH_3,0,0,31500000,3117102.9
ENCHANTMENT_FIRST_STRIKE_1,0,0,0,0
HORSEMAN_CANDLE,0,0,879495.1,695002.7
RED_ROSE,0,0,10.9,2.5
ENCHANTMENT_FIRST_STRIKE_5,0,0,349999999.6,300000001.6
ENCHANTMENT_ULTIMATE_FLASH_5,0,0,119999999.7,55000000
ENCHANTMENT_FIRST_STRIKE_4,0,0,0,0
ENCHANTMENT_FIRST_STRIKE_3,0,0,0,0
ENCHANTMENT_FIRST_STRIKE_2,0,0,0,0
GOLDEN_BALL,0,0,1399998.9,1000001.1
ENCHANTMENT_TURBO_PUMPKIN_1,0,0,57973.4,32915
WRIGGLING_LARVA,0,0,1731662.9,1532760.3
ENCHANTMENT_TURBO_PUMPKIN_2,0,0,189999.8,45601
ENCHANTMENT_TURBO_PUMPKIN_3,0,0,467728.8,120000.2
ENCHANTMENT_TURBO_PUMPKIN_4,0,0,1072388.4,275000.8
ENCHANTMENT_TURBO_PUMPKIN_5,0,0,1349999.7,810002.9
EMPTY_CHUM_BUCKET,0,0,14162,7656.5
LEATHER,0,0,102.8,81.8
GIANT_FRAGMENT_BOULDER,0,0,2451.9,533.8
MAGMA_FISH,0,0,259.6,240.6
SOUL_STRING,0,0,4975.5,4885.9
ENCHANTMENT_EXPERTISE_3,0,0,0,0
ENCHANTMENT_EXPERTISE_2,0,0,0,0
ENCHANTMENT_EXPERTISE_5,0,0,0,0
ENCHANTMENT_EXPERTISE_4,0,0,0,0
ENCHANTED_BREAD,0,0,599,428
FUMING_POTATO_BOOK,0,0,1231015.4,1166559.5
ENCHANTMENT_EXPERTISE_1,0,0,5999999.9,4545006.6
ENCHANTMENT_ULTIMATE_FATAL_TEMPO_5,0,0,0,1050002.6
ENCHANTMENT_ULTIMATE_FATAL_TEMPO_3,0,0,298999998.9,11101907.9
ENCHANTMENT_BLESSING_2,0,0,0,0
ENCHANTMENT_DEPTH_STRIDER_2,0,0,0,0
FLAWED_SAPPHIRE_GEM,0,0,283.1,267.2
SULPHUR_ORE,0,0,9.4,5.8
ENCHANTMENT_ULTIMATE_FATAL_TEMPO_4,0,0,0,2000006.8
ENCHANTMENT_BLESSING_3,0,0,0,0
ENCHANTMENT_DEPTH_STRIDER_3,0,0,0,0
ENCHANTMENT_ULTIMATE_FATAL_TEMPO_1,0,0,41743060.8,38000001.4
ENCHANTMENT_ULTIMATE_FATAL_TEMPO_2,0,0,144444443.4,100000.8
ENCHANTMENT_BLESSING_1,0,0,0,0
ENCHANTMENT_BLESSING_6,0,0,1457495.1,834698.6
PERFECT_SAPPHIRE_GEM,0,0,13441077.4,12701001.2
ENCHANTMENT_BLESSING_4,0,0,0,0
SNOW_BLOCK,0,0,7.8,1.9
ENCHANTMENT_BLESSING_5,0,0,0,0
ENCHANTED_BAKED_POTATO,0,0,82693.2,80918.8
AGARIMOO_TONGUE,0,0,9941.9,9071.1
COMPACTOR,0,0,11487.5,4000
FROZEN_BAUBLE,0,0,7699999.8,5000000
MANDRAA,0,0,3054684.4,2408478.9
ENCHANTMENT_DEPTH_STRIDER_1,0,0,0,0
SPOOKY_SHARD,0,0,156993.7,113003.5
ENCHANTMENT_CHAMPION_1,0,0,5719116.3,5234873.5
ENCHANTMENT_CHAMPION_3,0,0,0,0
ENCHANTMENT_CHAMPION_2,0,0,0,0
ENCHANTMENT_CHAMPION_5,0,0,0,0
ENCHANTED_LUSH_BERBERIS,0,0,25586.1,22824.2
ENCHANTED_POTATO,0,0,511.3,480.8
ENCHANTMENT_CHAMPION_4,0,0,0,0
RADIOACTIVE_VIAL,0,0,179999999.9,55000000.6
ENCHANTMENT_CHAMPION_7,0,0,0,0
ENCHANTED_SLIME_BALL,0,0,2902,2812.9
ENCHANTMENT_CHAMPION_6,0,0,0,0
ENCHANTMENT_CHAMPION_9,0,0,0,0
ENCHANTMENT_CHAMPION_8,0,0,0,0
BULKY_STONE,0,0,4837058.9,4142426.5
ENCHANTMENT_SNIPE_3,0,0,0,0
ENCHANTED_RED_MUSHROOM,0,0,1588.2,1515.5
ENCHANTMENT_SNIPE_2,0,0,0,0
ENCHANTMENT_SNIPE_1,0,0,0,0
ENCHANTMENT_RESPIRATION_3,0,0,0,0
ENCHANTMENT_ULTIMATE_ONE_FOR_ALL_0,0,0,0,0
ENCHANTMENT_ULTIMATE_ONE_FOR_ALL_1,0,0,1749997.7,1549759.8
ENCHANTMENT_SNIPE_4,0,0,132999992.2,115726828
TUNGSTEN_KEY,0,0,3149999.7,2811773.1
FINE_CITRINE_GEM,0,0,27141.8,24947.9
GREAT_WHITE_TOOTH_MEAL,0,0,11989996.5,8063492.7
ENCHANTMENT_RESPIRATION_1,0,0,0,0
ENCHANTMENT_RESPIRATION_2,0,0,0,0
BOOKWORM_BOOK,0,0,27148.1,7780.8
FULL_JAW_FANGING_KIT,0,0,3999999.5,709436
ENCHANTED_CAKE,0,0,27000,18270.5
PUMPKIN,0,0,11.5,7
NURSE_SHARK_TOOTH,0,0,29587.3,18426
WHEAT,0,0,6,4.3
ENCHANTMENT_REFLECTION_5,0,0,6237012.6,4361946
ENCHANTMENT_REFLECTION_4,0,0,5409998.9,100001.2
ENCHANTMENT_ULTIMATE_BANK_5,0,0,28998.8,5600.5
ENCHANTMENT_ULTIMATE_BANK_2,0,0,259.7,3
ENCHANTMENT_ULTIMATE_LEGION_1,0,0,2174654.7,1957974.1
ENCHANTMENT_ULTIMATE_BANK_1,0,0,22.5,0
ENCHANTMENT_ULTIMATE_LEGION_2,0,0,4418217,3175253.1
ENCHANTED_SPIDER_EYE,0,0,1863.6,1660
ENCHANTMENT_ULTIMATE_BANK_4,0,0,9019,200.3
ENCHANTMENT_ULTIMATE_BANK_3,0,0,1038.1,1.2
ENCHANTMENT_ULTIMATE_LEGION_5,0,0,34497997.9,30173862.2
ENCHANTMENT_REFLECTION_1,0,0,344487.4,1.2
ENCHANTMENT_ULTIMATE_LEGION_3,0,0,9432361.8,7600001.8
ENCHANTMENT_REFLECTION_3,0,0,15000000,720010.4
ENCHANTMENT_REFLECTION_2,0,0,1272844.5,318943.5
ENCHANTMENT_ULTIMATE_LEGION_4,0,0,18869998.9,13673691
RAW_SOULFLOW,0,0,602.1,303.8
ENCHANTMENT_TRIPLE_STRIKE_1,0,0,0,0
ENCHANTMENT_TRIPLE_STRIKE_3,0,0,0,0
ENCHANTMENT_TRIPLE_STRIKE_2,0,0,0,0
ENCHANTMENT_PROSPERITY_1,0,0,1305969.2,1190000.1
RAW_FISH,0,0,23.2,6.9
ENCHANTMENT_PROSPERITY_3,0,0,11989999.8,500015.8
YOGGIE,0,0,298,76.7
ENCHANTMENT_PROSPERITY_2,0,0,5990000,2000000.5
ICE_HUNK,0,0,0.3,0
PERFECT_JASPER_GEM,0,0,32384312.1,31514940.1
ENCHANTMENT_PROSPERITY_5,0,0,34261045.5,14062450.3
ENCHANTMENT_HECATOMB_10,0,0,0,0
ENCHANTMENT_PROSPERITY_4,0,0,27010996.9,150002.7
CONTROL_SWITCH,0,0,183506.2,170846.2
ENCHANTMENT_COUNTER_STRIKE_3,0,0,0,55126.2
DIAMOND_SPREADING,0,0,5999.7,2784.3
ENCHANTMENT_COUNTER_STRIKE_4,0,0,0,551251.7
ENCHANTMENT_COUNTER_STRIKE_5,0,0,83999996.2,71555111
TIGHTLY_TIED_HAY_BALE,0,0,1116789.7,1086036.6
NETHER_STALK_DISTILLATE,0,0,5105.9,4605.4
DARK_CANDY,0,0,184282.3,130003
DIVER_FRAGMENT,0,0,415953.1,371008.5
ENCHANTMENT_WITHER_HUNTER_0,0,0,0,0
ENCHANTMENT_SPIKED_HOOK_5,0,0,0,0
ENCHANTMENT_SPIKED_HOOK_6,0,0,20.3,0
ENCHANTMENT_SPIKED_HOOK_3,0,0,0,0
ENCHANTMENT_SPIKED_HOOK_4,0,0,0,0
ESSENCE_DIAMOND,0,0,500.1,450.7
ENCHANTMENT_LETHALITY_1,0,0,0,0
ENCHANTMENT_LETHALITY_2,0,0,0,0
ENCHANTMENT_LETHALITY_3,0,0,0,0
ENCHANTMENT_LETHALITY_4,0,0,0,0
ENCHANTMENT_LETHALITY_5,0,0,0,0
ENCHANTMENT_LETHALITY_6,0,0,73999.5,35449.6
GLACITE,0,0,57.8,55
PLANT_MATTER,0,0,999.7,711.5
ENCHANTMENT_CLEAVE_2,0,0,0,0
ENCHANTMENT_CLEAVE_1,0,0,0,0
BLOOD_STAINED_COINS,0,0,7099997.5,4518574.1
HUGE_MUSHROOM_1,0,0,183,35.8
ENCHANTMENT_REJUVENATE_1,0,0,26701.4,25175.1
ENCHANTMENT_CLEAVE_4,0,0,0,0
HUGE_MUSHROOM_2,0,0,174.7,11.3
ENCHANTMENT_CLEAVE_3,0,0,0,0
ENCHANTMENT_CLEAVE_6,0,0,29440445,24404509.2
ENCHANTMENT_CLEAVE_5,0,0,0,0
ENCHANTMENT_REJUVENATE_5,0,0,559601.8,488638.5
ENCHANTMENT_VICIOUS_3,0,0,33649994.4,26000017.2
ENCHANTMENT_REJUVENATE_4,0,0,389868.9,198519.2
ENCHANTMENT_VICIOUS_4,0,0,0,5000000.9
ENCHANTMENT_REJUVENATE_3,0,0,110020.4,90010.7
ENCHANTMENT_VICIOUS_5,0,0,114999995.1,101334459.4
ENCHANTMENT_REJUVENATE_2,0,0,48142.9,43746
STRING,0,0,14.2,12
CRUDE_GABAGOOL,0,0,662.5,239.9
DRAGON_SCALE,0,0,15420.9,821.7
ENCHANTMENT_SPIKED_HOOK_1,0,0,0,0
ENCHANTMENT_SPIKED_HOOK_2,0,0,0,0
ENCHANTED_CACTUS_GREEN,0,0,822.8,745.7
FRIGID_HUSK,0,0,18999999.5,5000001.5
POISON_SAMPLE,0,0,1208545.8,1097040.5
BOOSTER_COOKIE,0,0,11661750.1,11650000.4
ENCHANTED_COOKIE,0,0,79380.1,68816.3
AMALGAMATED_CRIMSONITE_NEW,0,0,136562,109003
STRONG_FRAGMENT,0,0,16496.1,15083
MYCEL,0,0,94.7,48.5
AUTO_SMELTER,0,0,4998,221.7
WOOL,0,0,1.7,0.4
ENCHANTMENT_TURBO_CARROT_2,0,0,64999.4,210.8
ENCHANTMENT_TURBO_CARROT_1,0,0,27953.2,6164.1
ENCHANTMENT_ULTIMATE_REFRIGERATE_5,0,0,31095533.5,0
ENCHANTMENT_GIANT_KILLER_4,0,0,0,0
WHIPPED_MAGMA_CREAM,0,0,213920.7,197914.7
ENCHANTMENT_GIANT_KILLER_5,0,0,0,0
ENCHANTMENT_GIANT_KILLER_2,0,0,0,0
DRAGON_HORN,0,0,4844627.6,4300001.3
PERFECT_AMBER_GEM,0,0,11931769.2,11569620.7
ENCHANTMENT_GIANT_KILLER_3,0,0,0,0
ENCHANTMENT_GIANT_KILLER_6,0,0,1299530.7,170412.9
FLINT,0,0,36.3,27.9
ENCHANTMENT_GIANT_KILLER_7,0,0,166499000,156528975.3
ENCHANTMENT_TRIPLE_STRIKE_5,0,0,104999999.1,86155414.3
MAGMA_CORE,0,0,2097092.9,1946991.8
ENCHANTED_SPRUCE_LOG,0,0,1546.9,1333.7
HARDENED_WOOD,0,0,35000,5103.9
TUNGSTEN,0,0,85.6,77
ENCHANTMENT_TRIPLE_STRIKE_4,0,0,0,0
ENCHANTMENT_ULTIMATE_INFERNO_1,0,0,7000000,6500003.8
ENCHANTMENT_ULTIMATE_REFRIGERATE_1,0,0,1872424.5,1504924
ENCHANTMENT_ULTIMATE_INFERNO_3,0,0,66666664.4,1000999.3
ENCHANTED_QUARTZ_BLOCK,0,0,616726.5,589465.3
HEAVY_GABAGOOL,0,0,428082.2,410836
ENCHANTMENT_ULTIMATE_REFRIGERATE_2,0,0,5517054.9,2131378.5
ENCHANTMENT_ULTIMATE_INFERNO_2,0,0,245846425.8,1400003.9
ENCHANTMENT_ULTIMATE_REFRIGERATE_3,0,0,11540720.8,2007254.5
ENCHANTMENT_ULTIMATE_INFERNO_5,0,0,253000000,20100000.8
MIXED_MITE_GEL,0,0,198998.5,106850.3
ENCHANTMENT_ULTIMATE_INFERNO_4,0,0,0,1100003.7
ENCHANTMENT_ULTIMATE_REFRIGERATE_4,0,0,18000000,3700007.2
GREEN_CANDY,0,0,2198.9,2150.5
ECCENTRIC_PAINTING,0,0,34979999.6,31405361.8
REAPER_PEPPER,0,0,46799997.8,41334573.5
ENCHANTMENT_AQUA_AFFINITY_1,0,0,0,0
GRAVEL,0,0,1.8,0.5
ENCHANTED_PACKED_ICE,0,0,90653.3,79288.4
ENCHANTED_PRISMARINE_SHARD,0,0,405.9,349.7
SPIRIT_DECOY,0,0,1207011.2,850001.8
ENCHANTMENT_TURBO_CARROT_4,0,0,391341.7,50870.1
ENCHANTMENT_TURBO_CARROT_3,0,0,199999.3,102.2
HYPERGOLIC_GABAGOOL,0,0,5200000,4762683.5
ENCHANTED_CARROT_STICK,0,0,49999.4,5496.1
ENCHANTMENT_TURBO_CARROT_5,0,0,499999.9,233365.3
ENCHANTMENT_TURBO_CANE_4,0,0,649999.7,100000
DRILL_ENGINE,0,0,4525246.9,4289089.2
ENCHANTMENT_TURBO_CANE_3,0,0,999998.7,1345.8
ENCHANTMENT_TURBO_CANE_2,0,0,299999.8,18.5
ENCHANTMENT_TURBO_CANE_1,0,0,10695,277.2
ENCHANTMENT_TURBO_CANE_5,0,0,251246.5,60000.1
PERFECT_CITRINE_GEM,0,0,17499999.1,16631310.3
BOX_OF_SEEDS,0,0,76498.7,75405
VITAMIN_DEATH,0,0,74195.9,9238.1
THIRD_MASTER_STAR,0,0,52799998.6,49630366.9
XLARGE_ENCHANTED_CHEST,0,0,2849999.5,2496146.3
PET_ITEM_TIER_BOOST_DROP,0,0,110297303,97640527.8
NETHERRACK,0,0,0.3,0.1
COMPOST,0,0,16850.6,16507.1
DARK_QUEENS_SOUL_DROP,0,0,5136.4,3342.1
FERMENTO,0,0,258448,248856.4
CANDY_CORN,0,0,3728.2,2.3
MIDAS_JEWEL,0,0,34604.7,501.5
ASCENSION_ROPE,0,0,98.7,65.3
PREMIUM_FLESH,0,0,0.4,0
SQUASH,0,0,74996.4,73185.6
ROUGH_AMETHYST_GEM,0,0,2.6,1.5
FLAWLESS_RUBY_GEM,0,0,1538748.7,1445542.5
NULL_ATOM,0,0,36899.6,30589
BLESSED_BAIT,0,0,397.5,205.3
PURE_MITHRIL,0,0,4510097.9,1300000.4
ROCK_CANDY,0,0,119439,50556.7
GLACITE_AMALGAMATION,0,0,3929999.7,3676915.1
ENCHANTMENT_FORTUNE_1,0,0,0,0
ENCHANTMENT_FORTUNE_2,0,0,0,0
LOG,0,0,7,4.4
ENCHANTMENT_FORTUNE_3,0,0,0,0
ENCHANTMENT_FORTUNE_4,0,0,170677.1,117613.7
SEARING_STONE,0,0,859994.7,500006.7
ENCHANTMENT_FLAME_2,0,0,0,0
ENCHANTMENT_FLAME_1,0,0,0,0
ROUGH_JADE_GEM,0,0,3.1,1.4
ENCHANTED_JUNGLE_LOG,0,0,2035.7,1716.7
WOOD_SINGULARITY,0,0,4999999.7,4412897.2
IRON_INGOT,0,0,12.8,8.5
GEMSTONE_MIXTURE,0,0,1470674.9,1413494.8
ENCHANTMENT_DIVINE_GIFT_3,0,0,0,0
ENCHANTMENT_DIVINE_GIFT_2,0,0,0,0
ENCHANTMENT_DIVINE_GIFT_1,0,0,25899999.6,23000000.2
SPIRIT_BONE,0,0,4242910.9,4100005.1
ROUGH_SAPPHIRE_GEM,0,0,2.4,1.5
MITE_GEL,0,0,2022.9,1914
REVENANT_VISCERA,0,0,84451.1,81325.8
ENCHANTMENT_GIANT_KILLER_1,0,0,0,0
TARANTULA_SILK,0,0,251171.9,250701.4
TITANIC_EXP_BOTTLE,0,0,502796.2,491761.6
ENCHANTMENT_FRAIL_2,0,0,0,0
ENCHANTMENT_FRAIL_1,0,0,0,0
ENCHANTMENT_FRAIL_4,0,0,0,0
SUPER_EGG,0,0,647763,607171.7
SUPER_COMPACTOR_3000,0,0,369999.8,360392.4
ENCHANTMENT_FRAIL_3,0,0,0,0
ENCHANTMENT_FRAIL_6,0,0,899.4,0
ENCHANTMENT_FRAIL_5,0,0,0,0
MITHRIL_ORE,0,0,10,7.6
ENCHANTED_PAPER,0,0,1250.7,914.9
HOT_STUFF,0,0,348698.6,125000.8
FLAWED_AQUAMARINE_GEM,0,0,749.7,466.3
WORM_BAIT,0,0,2562.5,2423.5
SUSPICIOUS_VIAL,0,0,31568.6,703
DIRT_BOTTLE,0,0,0,0
ARACHNE_FANG,0,0,226496.8,188252.8
ROUGH_TOPAZ_GEM,0,0,3.9,2.5
ENCHANTED_OBSIDIAN,0,0,3065.9,2860.2
ROUGH_OPAL_GEM,0,0,6.6,2.6
ENCHANTMENT_EFFICIENCY_10,0,0,0,0
WEREWOLF_SKIN,0,0,16589.3,12698
ENCHANTMENT_SYPHON_3,0,0,0,0
ENCHANTMENT_SYPHON_2,0,0,0,0
ENCHANTMENT_SYPHON_5,0,0,76467737.9,70000002.3
ENCHANTMENT_SYPHON_4,0,0,315310.9,211745.6
ENCHANTED_RED_SAND_CUBE,0,0,248129.3,184709.7
ENCHANTMENT_EXECUTE_6,0,0,51269709.5,45000003.3
ENCHANTED_RAW_FISH,0,0,1011.7,937.8
BERBERIS_FUEL_INJECTOR,0,0,2994196.1,2717509.7
ENCHANTMENT_INFINITE_QUIVER_10,0,0,178765.6,50000.7
ENCHANTMENT_EXECUTE_3,0,0,0,0
ENCHANTMENT_EXECUTE_2,0,0,0,0
ENCHANTMENT_SYPHON_1,0,0,0,0
ENCHANTMENT_EXECUTE_5,0,0,0,0
ENCHANTMENT_EXECUTE_4,0,0,0,0
ENCHANTMENT_LOOTING_4,0,0,30599,1618.2
ENCHANTMENT_SMITE_7,0,0,13619995.5,12000000.9
ENCHANTMENT_SCAVENGER_3,0,0,0,0
ENCHANTMENT_SCAVENGER_4,0,0,1293.2,0
ENCHANTMENT_LOOTING_3,0,0,0,0
ENCHANTMENT_EXECUTE_1,0,0,0,0
ENCHANTMENT_LOOTING_2,0,0,0,0
ENCHANTMENT_SCAVENGER_1,0,0,0,0
FUEL_GABAGOOL,0,0,21399,7564
ENCHANTMENT_LOOTING_1,0,0,0,0
ENCHANTMENT_SCAVENGER_2,0,0,0,0
ENCHANTMENT_CUBISM_2,0,0,0,0
ENCHANTMENT_CUBISM_3,0,0,0,0
ENCHANTMENT_SCAVENGER_5,0,0,15429994.7,13346583
ENCHANTMENT_CUBISM_1,0,0,0,0
SHARK_BAIT,0,0,54.6,16.9
JUNGLE_KEY,0,0,151243.4,131177.9
ENCHANTMENT_LOOTING_5,0,0,302999999.5,288000002.1
JERRY_BOX_BLUE,0,0,196097.6,161010.4
FLAWED_CITRINE_GEM,0,0,358.4,276.4
ENCHANTED_SLIME_BLOCK,0,0,127800,125017.9
SCORCHED_BOOKS,0,0,507464.3,326140.8
ENCHANTMENT_CUBISM_6,0,0,89019997.6,80641009.5
FINE_SAPPHIRE_GEM,0,0,23995.9,21906.8
SULPHUR,0,0,21.9,15.9
ENCHANTMENT_SMITE_1,0,0,0,0
ENCHANTMENT_CUBISM_4,0,0,0,0
ENCHANTMENT_SMITE_2,0,0,0,0
ENCHANTMENT_CUBISM_5,0,0,0,0
GOLDEN_POWDER,0,0,14980.3,10407
ENCHANTMENT_SMITE_3,0,0,0,0
ENCHANTMENT_EXPERTISE_10,0,0,0,0
ENCHANTMENT_SMITE_4,0,0,0,0
ENCHANTED_CARROT,0,0,545.6,522
ENCHANTMENT_SMITE_5,0,0,0,0
ENCHANTMENT_SMITE_6,0,0,1200,1
FINE_AQUAMARINE_GEM,0,0,60487.4,52747
ROTTEN_FLESH,0,0,5,2.6
FINE_PERIDOT_GEM,0,0,47999.6,46212.6
ENCHANTMENT_HECATOMB_2,0,0,0,0
ENCHANTMENT_HECATOMB_3,0,0,0,0
ENCHANTMENT_HECATOMB_1,0,0,8395000,7534798
ENCHANTMENT_HECATOMB_6,0,0,0,0
ENCHANTMENT_HECATOMB_7,0,0,0,0
ENCHANTMENT_HECATOMB_4,0,0,0,0
DUNGEON_CHEST_KEY,0,0,127165.6,110884.8
ENCHANTMENT_HECATOMB_5,0,0,0,0
ENCHANTMENT_HECATOMB_8,0,0,0,0
ENCHANTMENT_HECATOMB_9,0,0,0,0
GOLDEN_FRAGMENT,0,0,37499999.3,33218065.1
INFLATABLE_JERRY,0,0,0.2,0.1
FLAWED_TOPAZ_GEM,0,0,313.7,283.7
ENCHANTMENT_SUNDER_1,0,0,40574.8,24714.7
LAPIS_CRYSTAL,0,0,31.8,0
FINE_AMETHYST_GEM,0,0,24030.8,22001.9
ENCHANTMENT_TRANSYLVANIAN_5,0,0,999895.8,287495.8
SAND:1,0,0,272.4,43.7
ENCHANTED_RABBIT,0,0,660,600.9
MEDIUM_ENCHANTED_CHEST,0,0,13734.1,11541.5
SUPREME_CHOCOLATE_BAR,0,0,1087.3,761.6
TOXIC_ARROW_POISON,0,0,2049.3,1906.6
ENCHANTMENT_TRANSYLVANIAN_4,0,0,498997.5,195315.3
ENCHANTMENT_SUNDER_4,0,0,507000,110002.9
ENCHANTMENT_SUNDER_5,0,0,829276.2,491177
ENCHANTMENT_SUNDER_2,0,0,180699.4,10000
MUTANT_NETHER_STALK,0,0,101919.3,100343.5
ENCHANTMENT_SUNDER_3,0,0,249999.8,51000.8
ENCHANTMENT_LUCK_6,0,0,8800,12
ENCHANTMENT_LUCK_7,0,0,28579484.5,25782831.2
ENCHANTMENT_SUNDER_6,0,0,2026183.9,1750764.7
ENCHANTMENT_LUCK_2,0,0,0,0
FLAWLESS_AMBER_GEM,0,0,1849988.6,1785190.7
REFINED_BOTTLE_OF_JYRRE,0,0,2499998.6,2000000.3
ENCHANTMENT_LUCK_3,0,0,0,0
ENCHANTED_BLAZE_POWDER,0,0,4185.2,3772
ENCHANTMENT_LUCK_4,0,0,0,0
ENCHANTMENT_LUCK_5,0,0,0,0
SUMMONING_EYE,0,0,1059988.6,1006773.3
ENCHANTED_SULPHUR_CUBE,0,0,255111.2,250003.5
ENCHANTMENT_INFINITE_QUIVER_8,0,0,63008.7,200.2
ENCHANTMENT_INFINITE_QUIVER_9,0,0,112520,200.5
FISH_BAIT,0,0,204.4,143.9
ENCHANTMENT_INFINITE_QUIVER_6,0,0,74.8,50
ENCHANTMENT_INFINITE_QUIVER_7,0,0,0,1.1
ENCHANTMENT_LUCK_1,0,0,0,0
ENCHANTMENT_TURBO_POTATO_3,0,0,370999.8,24002.3
ENCHANTMENT_ULTIMATE_WISDOM_4,0,0,1932677.1,1213583.7
ENCHANTMENT_BANE_OF_ARTHROPODS_2,0,0,0,0
ENCHANTMENT_INFINITE_QUIVER_4,0,0,0,0
ENCHANTMENT_ULTIMATE_WISDOM_5,0,0,3059999.3,2804338.9
ENCHANTMENT_TURBO_POTATO_4,0,0,579417.8,107936.7
ENCHANTMENT_BANE_OF_ARTHROPODS_3,0,0,0,0
ENCHANTMENT_INFINITE_QUIVER_5,0,0,0,0
ENCHANTMENT_TURBO_POTATO_5,0,0,969998.2,493813.8
ENCHANTMENT_INFINITE_QUIVER_2,0,0,0,0
ENCHANTMENT_BANE_OF_ARTHROPODS_1,0,0,0,0
ENCHANTMENT_INFINITE_QUIVER_3,0,0,0,0
ENCHANTMENT_BANE_OF_ARTHROPODS_6,0,0,816.2,1
ENCHANTMENT_ULTIMATE_WISDOM_1,0,0,168133.6,165157.1
ENCHANTMENT_BANE_OF_ARTHROPODS_7,0,0,2896502.1,1697455.6
WINTER_WATER_ORB,0,0,11449997.4,6500003.5
ENCHANTMENT_INFINITE_QUIVER_1,0,0,0,0
ENCHANTMENT_TURBO_POTATO_1,0,0,30478.4,16966.4
ENCHANTMENT_ULTIMATE_WISDOM_2,0,0,332746,247004.7
ENCHANTMENT_BANE_OF_ARTHROPODS_4,0,0,0,0
ENCHANTMENT_ULTIMATE_WISDOM_3,0,0,864004.2,480000.3
ENCHANTMENT_TURBO_POTATO_2,0,0,95493.8,12502
ENCHANTMENT_BANE_OF_ARTHROPODS_5,0,0,0,0